,PLAYER,TEAM,AGE,GP,W,L,MIN,OFFRTG,DEFRTG,NETRTG,AST%,AST/TO,AST RATIO,OREB%,DREB%,REB%,TO RATIO,EFG%,TS%,USG%,PACE,PIE,POSS
1,Anfernee Simons,POR,22,15,7,8,22.5,109.1,105.6,3.5,14.2,2.07,15.4,2.5,8,5.2,7.5,56,57.6,21.5,98.95,9.8,695
1,Anthony Davis,LAL,28,15,8,7,34.5,103.9,110,-6.1,14.7,1.19,10.8,9.6,20.2,14.8,9.1,52.1,56.6,28.1,103.4,16.5,"1,114"
1,CJ McCollum,POR,30,15,7,8,34.9,110.5,110.3,0.2,20,2.06,16.4,2.7,8.8,5.7,7.9,52.5,54,26.7,99.61,10.6,"1,084"
1,Cam Reddish,ATL,22,15,6,9,22.5,99,106.1,-7.1,6.8,0.64,7.2,3.5,8.3,5.8,11.3,46.9,52.6,21.9,102.09,7.8,715
1,Carmelo Anthony,LAL,37,15,8,7,28.8,107.2,109.9,-2.7,4.9,1.17,6.5,1.7,11.2,6.7,5.6,59,61.1,19.5,102.98,9.9,931
1,Clint Capela,ATL,27,15,6,9,29.4,113.3,117.3,-3.9,5.1,1.89,9.9,12.5,26.8,19.5,5.2,55.9,56.7,14.9,98.98,11.7,907
1,Cody Martin,CHA,26,15,8,7,24,108.4,113.6,-5.2,10,3.5,19.6,5.1,12.6,8.7,5.6,52.2,56.5,12.9,105.14,8.7,787
1,Cody Zeller,POR,29,15,7,8,13.9,107.8,112.7,-4.9,8.8,1.08,14.4,13.3,18.8,15.9,13.3,63.8,68.7,15,101.64,10.4,437
1,Dalano Banton,TOR,22,15,7,8,12.6,109.9,109,0.9,14.8,1.33,20,3.9,14.4,8.8,15,56.1,58.5,17.1,98.89,9.4,393
1,Devonte' Graham,NOP,26,15,2,13,32.2,111.9,112.6,-0.7,23.6,2.44,23.8,2.1,6.5,4.2,9.8,49.5,52.9,21.5,99.17,9.1,998
1,Domantas Sabonis,IND,25,15,6,9,36,107.3,106.6,0.7,16.6,1.29,18,8.4,22.6,15.6,13.9,61.2,63,20.9,98.87,14.7,"1,115"
1,Evan Mobley,CLE,20,15,9,6,33.8,103.1,99.6,3.5,12,1.37,14.2,5.1,16.7,11.2,10.3,51.7,55.5,19.1,98.84,12.4,"1,042"
1,Gary Trent Jr.,TOR,22,15,7,8,34.6,110.8,109.6,1.2,7,1.41,9,1.4,8.7,4.8,6.4,50.9,53.4,19.7,97.55,8.6,"1,054"
1,Georges Niang,PHI,28,15,8,7,23.6,113.5,106.7,6.8,10.1,2.4,13.2,1.4,8.4,4.9,5.5,55.8,58.9,19.6,98.54,8.3,719
1,Gordon Hayward,CHA,31,15,8,7,35.3,109.8,110.1,-0.3,14.6,1.57,17.3,1.9,11.1,6.4,11,55.9,60.3,20.3,105.34,10,"1,158"
1,James Harden,BKN,32,15,10,5,34.2,106.7,105.1,1.6,40.9,1.84,29.8,3,16.9,10.4,16.3,53.4,60.3,26.6,101.94,15.3,"1,090"
1,Jevon Carter,BKN,26,15,10,5,14.9,100,98.7,1.3,12.8,4.75,24.7,0.9,8.2,4.8,5.2,36.8,38,11.5,98.79,4.4,460
1,John Collins,ATL,24,15,6,9,31.7,114.6,112.3,2.4,10,2.06,13.3,6.1,18.2,12.1,6.5,60.8,63.9,19.2,98.83,13.1,978
1,Jonas Valanciunas,NOP,29,15,2,13,33.9,105.6,111.1,-5.4,13.7,1.32,13,9,28.7,18.5,9.8,54.7,60,22.8,98.72,16.1,"1,046"
1,Justin Holiday,IND,32,15,6,9,29.6,105.3,102.9,2.4,6.8,1.38,13.1,1.1,7.8,4.5,9.5,53.5,54.4,14,99.3,5.1,920
1,Jusuf Nurkic,POR,27,15,7,8,24.3,108.8,102,6.8,12.4,1,16.1,9.5,32.7,21.2,16.1,56.5,61.4,18.8,101.67,15.3,776
1,Kelly Oubre Jr.,CHA,25,15,8,7,26.1,104.3,109.3,-5,7,1.13,7.8,4.4,10.3,7.2,6.8,54,55.4,20.8,103.15,8.2,841
1,Kevin Durant,BKN,33,15,10,5,34.5,110.1,105,5.1,26.7,1.6,16.8,1.4,20,11.5,10.5,62.1,66.6,31.2,102.27,20.5,"1,102"
1,LaMelo Ball,CHA,20,15,8,7,32.2,112.3,110.1,2.2,32.1,2.47,25.7,3.8,17.9,10.7,10.4,51.2,54.3,25.8,103.76,13.8,"1,046"
1,Larry Nance Jr.,POR,28,15,7,8,18.6,113.5,107.6,5.9,10.9,1.47,19.5,7.1,17.9,12.5,13.3,61.6,61.8,13.9,98.76,10.2,569
1,Malik Monk,LAL,23,15,8,7,22.3,104.4,99,5.3,13.5,1.6,18.9,1.7,6.4,4.2,11.8,53.6,55.5,16.6,104.73,7.8,733
1,Mason Plumlee,CHA,31,15,8,7,27.3,108.5,106.7,1.8,14.3,2.59,28.9,7.4,17.5,12.2,11.2,57.3,53.4,10.9,102.81,8,871
1,Miles Bridges,CHA,23,15,8,7,36.6,110.9,107,3.9,13.9,2.17,14.3,3.6,14.9,9.2,6.6,52.1,55.7,23.2,103.23,12,"1,183"
1,Myles Turner,IND,25,15,6,9,29,107,102.6,4.5,5.4,0.64,8.2,5.2,19.4,12.6,12.8,66,67.6,17.6,98.9,13.7,895
1,Nassir Little,POR,21,15,7,8,21.8,110.3,111.8,-1.5,5.1,0.86,9.8,6.5,17.9,12.2,11.4,57.9,60.6,14.4,99.29,9.3,673
1,Nickeil Alexander-Walker,NOP,23,15,2,13,31,106,111.1,-5.1,13.3,1.63,13,3.5,10.9,7,8,44.6,47.3,23.6,99.54,8,960
1,OG Anunoby,TOR,24,15,7,8,37.3,110.4,109.6,0.8,11.4,1.64,11.7,4,10.8,7.2,7.2,50.8,53.4,23.4,96.88,9.8,"1,126"
1,Patty Mills,BKN,33,15,10,5,25.5,112.4,104.6,7.8,14.2,3,21.2,0.8,5.3,3.2,7.1,56.2,57.7,16.4,101.65,7.1,814
1,Ricky Rubio,CLE,31,15,9,6,28.8,107.8,100.4,7.4,35.6,2.28,28,1.6,11.5,6.5,12.3,46.9,51.9,24.6,99.93,11.9,898
1,Robert Covington,POR,30,15,7,8,27.5,108.4,108.1,0.3,4.8,1.15,13,1.1,14.7,7.9,11.3,58,58.3,10.4,101.06,6.4,868
1,Russell Westbrook,LAL,33,15,8,7,35.5,100.7,107.4,-6.7,37,1.56,25.1,3.5,18.8,11.3,16,46.3,49.8,28.2,105.63,12.3,"1,175"
1,Svi Mykhailiuk,TOR,24,15,7,8,17.7,104.9,110.7,-5.8,9,1.23,13.7,3.6,11.6,7.2,11.1,60.1,64.1,15.3,99.36,9.5,555
1,T.J. McConnell,IND,29,15,6,9,26.1,105.6,111.6,-6.1,29.6,3.64,34,2.5,10.3,6.4,9.4,54.9,54.8,16.6,100.76,11,825
1,Torrey Craig,IND,30,15,6,9,17.4,106.6,108.5,-1.9,8.2,1.25,15.8,8,9.3,8.7,12.6,54.8,58.3,13,99.22,6.7,534
1,Trae Young,ATL,23,15,6,9,34.1,113,114.6,-1.6,42.4,2.31,25.6,1.7,8.9,5.3,11.1,51.5,56.5,32.6,99.41,14.8,"1,064"
1,Trey Murphy III,NOP,21,15,2,13,18.1,96,104.5,-8.5,6.8,1.22,10.9,3.6,10.9,6.9,8.9,46.2,48.5,13.2,101.56,5.1,571
1,Tyrese Maxey,PHI,21,15,8,7,35.8,113.5,111.3,2.3,18.8,3.14,21.9,1.2,8.8,5.1,7,57,60.5,19.5,97.11,10.4,"1,086"
43,Aaron Gordon,DEN,26,14,9,5,30.7,112.5,97.2,15.3,8.1,1.13,13,6.3,11.9,9.2,11.5,55.1,57.9,17.6,97.2,9.4,872
43,Alec Burks,NYK,30,14,8,6,19.7,109.4,100.9,8.5,12.4,2.75,16.7,1.4,12.8,7.3,6.1,53.8,56.7,16.9,97.62,10.4,563
43,Alex Caruso,CHI,27,14,10,4,28.6,108.9,102,6.9,18.9,2.29,32.2,2.1,9.5,5.9,14,51.2,56.7,12.6,100.31,8.2,833
43,Andre Drummond,PHI,28,14,7,7,21.7,113.8,111,2.8,14.5,1.28,19.5,16.3,33.8,25,15.2,46.2,49.5,18.6,98.6,13.4,621
43,Andrew Wiggins,GSW,26,14,12,2,29.1,111.9,101.5,10.4,8,0.95,8.1,3.8,10.3,7.2,8.5,55.1,58.5,24.2,103.97,11,875
43,Avery Bradley,LAL,30,14,7,7,22.4,96.4,112.9,-16.5,6.5,2.33,15.1,1.8,6.1,3.9,6.5,52.1,52.1,10.5,101.96,4.1,668
43,Blake Griffin,BKN,32,14,10,4,22.7,109.1,103.3,5.9,11.8,4,20.6,6,15.3,11,5.1,36,40.2,14.7,102.52,5.4,680
43,Bogdan Bogdanovic,ATL,29,14,6,8,29.7,112.3,117.1,-4.9,10.8,2.06,16.6,1.6,10.3,5.9,8,55.9,57.2,16.9,99.08,7.6,863
43,Bojan Bogdanovic,UTA,32,14,9,5,30.3,115.5,104.6,10.9,7.4,1.05,8.5,3,10.2,6.8,8.1,53.3,59.9,22.5,99.86,11.3,882
43,Bruce Brown,BKN,25,14,9,5,25.9,101.5,102.8,-1.3,5.4,1.3,10.2,3.6,10.4,7.1,7.9,51.5,52.3,13.5,102.93,7.3,778
43,Bryn Forbes,SAS,28,14,4,10,11.9,93.9,108.7,-14.9,6.8,0.58,8.3,0.5,7.2,3.7,14.3,53.2,53.3,20.1,99.18,5,344
43,Buddy Hield,SAC,28,14,6,8,28.5,109.1,106.7,2.3,11.4,1.16,11.4,2.6,12,7.3,9.8,57.4,58.9,23.6,102.25,10.7,850
43,Cedi Osman,CLE,26,14,9,5,22,108.5,107.6,1,11.7,1.77,14.6,1.6,9.6,5.6,8.3,62.8,63.7,19.1,98.74,9.7,632
43,Chris Boucher,TOR,28,14,7,7,13.5,101.3,100.8,0.5,1.7,0.22,2.1,7,16.5,11.5,9.4,41.7,44.7,19.8,98.5,8.3,386
43,Chris Duarte,IND,24,14,6,8,32.1,106.6,104.3,2.3,9.4,1.25,12.4,1.8,11.1,6.6,9.9,51.7,53.1,19.7,100.23,8.2,945
43,Christian Wood,HOU,26,14,1,13,32.9,96,108.2,-12.2,11.9,1.15,11.3,4.9,25.3,15.1,9.9,52.1,53.1,21.5,103.54,13.4,997
43,Cole Anthony,ORL,21,14,3,11,34.1,108.3,109,-0.7,26.7,1.77,21.5,1.4,17.1,9.2,12.1,53.7,58.1,25.2,99.39,13.5,987
43,Damian Lillard,POR,31,14,7,7,35.5,110.1,108.3,1.8,35.3,3.23,25.9,1.1,10.6,5.8,8,45.4,48.8,27.6,100.62,11.3,"1,040"
43,Davion Mitchell,SAC,23,14,6,8,26.3,103.7,103.5,0.3,22.4,3.67,26.1,1.3,6.8,4.1,7.1,46.4,47.2,17.8,101.33,7.2,775
43,De'Aaron Fox,SAC,23,14,6,8,35.3,111.4,112.5,-1.1,26.8,2,21.1,2.2,7.8,5.1,10.5,44.1,48.4,27.8,102.39,8.6,"1,055"
43,De'Anthony Melton,MEM,23,14,7,7,26.4,110.6,111.6,-0.9,11.6,1.52,16.2,2.4,11.6,6.9,10.7,48.6,49.9,17.9,102.21,7.3,789
43,DeAndre' Bembry,BKN,27,14,9,5,16.1,100,102.8,-2.8,10.3,1.5,19,3.1,10.6,7.1,12.7,62.2,63.2,12.6,100.43,7.7,472
43,DeMar DeRozan,CHI,32,14,10,4,35.3,109.5,97.6,11.9,19.9,2.15,14.7,2.3,12.3,7.5,6.9,53.4,60.5,29.1,102.19,16.5,"1,049"
43,Dejounte Murray,SAS,25,14,4,10,34.6,107.5,103.4,4.1,33.2,3.42,27.8,1.7,20.3,10.9,8.1,49.6,51,25.1,103.68,15.5,"1,041"
43,Dennis Schroder,BOS,28,14,7,7,33,103.7,100.3,3.4,26.4,1.78,21.7,2.5,9.2,5.8,12.2,49,54.5,24.6,98.83,11.5,952
43,Derrick Rose,NYK,33,14,8,6,22.8,114.2,94.9,19.2,24.1,2.72,21.9,3.3,8,5.9,8,54.9,57.1,22.8,98.11,15.5,656
43,Derrick White,SAS,27,14,4,10,30.8,98.7,104.1,-5.4,24.4,3.13,29.1,0.8,8.7,4.7,9.3,46.6,49.7,17.7,104.81,8.4,937
43,Desmond Bane,MEM,23,14,7,7,28.7,110.4,108.9,1.5,10.5,1.45,12.7,1.6,11,6.3,8.7,52.6,54.6,20.5,101.03,8,848
43,Devin Vassell,SAS,21,14,4,10,25.9,107.9,103.2,4.7,7.9,1.75,11.7,1.8,13.1,7.3,6.7,55.8,57.6,18.1,103.67,9.5,782
43,Dewayne Dedmon,MIA,32,14,9,5,14.4,121.3,100.5,20.9,3.2,0.45,6.3,11.1,23.6,17.5,13.9,61.3,65.1,15.1,100.4,11.3,417
43,Draymond Green,GSW,31,14,12,2,29.7,111.7,101,10.7,31.2,2.44,41.7,4.9,20.4,13,17.1,59.5,59.6,13.9,104.74,12,906
43,Drew Eubanks,SAS,24,14,4,10,16.8,105.3,104.9,0.5,14.3,1.2,20,7.9,21.3,14.9,16.7,55.7,61.9,17.3,103.94,11.6,505
43,Duncan Robinson,MIA,27,14,9,5,30,110.6,102.5,8.2,7.8,1.69,11.6,1.4,11.8,6.7,6.9,51.6,52.1,17,97.79,6.1,855
43,Eric Bledsoe,LAC,31,14,9,5,28.6,102.4,107.4,-5,21.4,1.68,23,2.1,11.3,6.7,13.7,44.4,49.2,19.9,102.26,9,851
43,Eric Paschall,UTA,25,14,9,5,14.9,101.4,98.6,2.8,9.1,1.5,15.4,5.3,9.6,7.5,10.3,53,56.5,13.2,97.81,7.8,427
43,Evan Fournier,NYK,29,14,8,6,28.8,107.3,113.1,-5.8,10.4,1.65,13.3,1.8,8.7,5.2,8.1,50.9,52.9,19.5,98.89,7.4,833
43,Franz Wagner,ORL,20,14,3,11,32.2,103.1,108,-4.9,9.7,1.69,12.4,3.6,7.6,5.6,7.3,51.5,53.7,18,98.4,8.1,925
43,Fred VanVleet,TOR,27,14,7,7,38.8,107.4,104.1,3.3,28,2.41,26.1,1.9,11.3,6.4,10.8,53.3,56,22,97.19,12.7,"1,101"
43,Furkan Korkmaz,PHI,24,14,7,7,26.1,109.3,109.7,-0.3,15.9,2.86,19.3,1.3,9.5,5.5,6.8,49.3,52,19.9,98.66,9.2,749
43,Gary Payton II,GSW,28,14,12,2,12.9,120.1,89.3,30.7,9.4,1.86,16.7,7.3,14.1,11,9,73,72.8,14.3,106.34,13,399
43,Gorgui Dieng,ATL,31,14,5,9,9.4,95.4,87.2,8.2,14.8,1.71,21.4,12.3,29.1,20.7,12.5,41.9,46.9,13.2,102.61,13.1,284
43,Grant Williams,BOS,22,14,7,7,18.4,100.4,105,-4.6,8.5,1.75,15.7,3,11.2,7.1,9,64.8,67.7,12.7,97.63,9.1,526
43,Grayson Allen,MIL,26,14,6,8,29.9,109.6,106.6,3,6.9,2,9.9,1.8,10.2,6,4.9,61.3,64,18.4,101.01,10.6,885
43,Harrison Barnes,SAC,29,14,6,8,36,111.1,112.8,-1.7,9.3,1.23,11.3,4.2,16.9,10.7,9.2,58.7,65.7,20.6,102.94,13.7,"1,082"
43,Hassan Whiteside,UTA,32,14,9,5,16.3,114.5,98.1,16.3,2.5,0.25,4,12.9,28,20.7,16,58.6,60.5,17.2,100.31,13.3,477
43,Immanuel Quickley,NYK,22,14,8,6,17,112.3,96.9,15.5,17.7,2.8,19.2,2.5,7.8,5.3,6.8,49,54.1,20.9,98.34,10.5,494
43,Ivica Zubac,LAC,24,14,9,5,24.6,105.1,108.4,-3.3,6.3,1,11.3,10.3,20.9,15.7,11.3,62.5,67,14.4,102.49,12,738
43,Ja Morant,MEM,22,14,7,7,34.4,108.9,113.5,-4.5,35.4,2,21.9,3.5,15,9.1,11,54,57.8,30.9,101.18,16,"1,018"
43,JaMychal Green,DEN,31,14,9,5,14,95.2,111.1,-15.9,7.7,0.43,9.5,6,19.7,12.2,22.1,53.4,56,18.9,96.62,7.1,393
43,Jae'Sean Tate,HOU,26,14,1,13,26.9,94.8,106.7,-11.9,11,0.96,12.8,8,15.5,11.7,13.4,52.9,56.4,18,102.37,9.9,804
43,Jalen Green,HOU,19,14,1,13,31.9,93.2,113.8,-20.7,14.1,0.84,13,1,8.9,4.9,15.4,42.9,47,22.8,103.34,5.3,964
43,Jaren Jackson Jr.,MEM,22,14,7,7,26.5,109.7,104.9,4.8,5.7,0.68,6.6,3.9,15.9,9.8,9.6,46.9,51.4,23.4,103.36,8.1,796
43,Jarrett Allen,CLE,23,14,9,5,32.3,101,103,-2,8.7,0.89,12.3,9.5,22.1,16.1,13.8,69.8,69.4,16.3,98.37,15.6,927
43,Javonte Green,CHI,28,14,10,4,19.1,105,102.1,2.9,4.6,1.5,11,6,12.6,9.4,7.3,54.8,57.2,11.9,101.27,7.4,558
43,Jaxson Hayes,NOP,21,14,2,12,12.5,95.4,109.3,-13.8,4.1,0.36,4.6,11.2,14.5,12.7,12.6,52.6,58.3,19.1,100.92,9.9,371
43,Jayson Tatum,BOS,23,14,7,7,37.3,106.9,102.2,4.6,15.8,1.26,11.2,2.6,19.8,11,8.9,44.4,48.2,31.2,98.8,11.6,"1,076"
43,Jeff Green,DEN,35,14,9,5,21.2,103.8,104.6,-0.8,6.4,1.44,10,1.7,9.9,5.7,6.9,45.6,52.7,17.3,98.45,6.2,607
43,Joe Harris,BKN,30,14,10,4,30.2,106.6,105.5,1.2,4.7,0.88,8.9,1.2,10.9,6.4,10.2,61.7,62.4,14.6,102.43,6.8,906
43,Joe Ingles,UTA,34,14,9,5,25.1,108.3,103.2,5.1,17.8,3.14,30.8,1.6,9.6,5.6,9.8,58.5,59.7,11.8,98.9,8,723
43,Jordan Clarkson,UTA,29,14,9,5,25.4,108.3,99.2,9.1,11.7,0.96,8.8,2.3,8.2,5.3,9.1,43.9,47.4,28.9,98.83,8.6,735
43,Jordan Nwora,MIL,23,14,6,8,21.1,99.7,105.9,-6.2,11.2,1.5,13.5,1.8,13.6,7.8,9,48.7,50,18.6,103.48,8.4,641
43,Jordan Poole,GSW,22,14,12,2,29.6,110.3,101.6,8.8,17.2,1.28,15.3,0.7,8.1,4.5,12,51.2,54.6,26,102.56,8.9,881
43,Julius Randle,NYK,26,14,8,6,35.6,106.7,111.9,-5.2,24.2,1.57,18.3,5,22.1,13.5,11.7,47.3,51.7,27.8,98.13,13,"1,023"
43,Keldon Johnson,SAS,22,14,4,10,31,105,105.3,-0.3,9.8,1.43,11.4,3.3,16.1,9.6,8,49,51.5,22.3,103.46,10.1,929
43,Kent Bazemore,LAL,32,14,7,7,23.5,99.7,107.6,-7.9,5.1,1.86,13.5,0.8,7.8,4.2,7.3,42.9,45.8,10.1,104.59,2.3,713
43,Kevin Huerter,ATL,23,14,5,9,23.2,105,105.1,-0.1,12.4,1.56,17.6,1.7,12.4,7,11.3,50,50.5,16.9,100.86,7,681
43,Kevin Porter Jr.,HOU,21,14,1,13,30.8,97.8,107.6,-9.8,26.6,1.2,22,3,9.3,6.2,18.3,43.3,46.4,24.1,102.32,6.4,916
43,Kevon Looney,GSW,25,14,12,2,17.1,112.3,100.2,12.1,7,1.63,14.3,13.8,22.3,18.2,8.8,53.6,56.7,13.2,105.43,9.9,521
43,Kyle Anderson,MEM,28,14,7,7,22.2,102.4,113.7,-11.3,15.9,2.83,20.9,4.6,20.2,11.8,7.4,50.5,52.8,16.9,102.66,10.7,664
43,LaMarcus Aldridge,BKN,36,14,9,5,19.7,111.2,105.1,6.1,7.8,1.3,8.4,6.7,17.8,12.8,6.5,61.8,64,22.2,100.22,15.1,580
43,Lonnie Walker IV,SAS,22,14,4,10,23.2,107,103,4,14.8,2.12,17.6,0.3,12.3,6.1,8.3,46.1,49.5,21.6,103.53,8.4,701
43,Lonzo Ball,CHI,24,14,10,4,35.1,109.8,100,9.8,17.7,1.88,24.6,2.5,12,7.5,13.1,55.3,56,17.4,100.85,9.5,"1,035"
43,Luke Kennard,LAC,25,14,9,5,26.8,108.3,90.6,17.7,11.1,5,19.4,0.3,9.9,5.5,3.9,58.5,59.8,13.8,102.45,10.3,808
43,Mo Bamba,ORL,23,14,3,11,30.5,100.9,110,-9.1,10.7,1.32,14.9,8,19.8,14,11.3,53.8,55.8,16.4,98.81,11.7,879
43,Monte Morris,DEN,26,14,9,5,29.7,109.3,95,14.2,19.4,3.05,25.2,1.4,7.4,4.5,8.3,52,52.1,17.8,97.76,9.3,852
43,Nemanja Bjelica,GSW,33,14,12,2,14.8,117.1,93.3,23.7,15.7,1.5,21.1,6.3,19.6,13.4,14,57.4,60.4,17.9,104.02,12.5,451
43,Obi Toppin,NYK,23,14,8,6,14.9,116.2,97.3,18.9,9.9,1.56,12.8,6.7,13.6,10.4,8.3,56.2,59.4,19.1,99.83,11.8,432
43,P.J. Dozier,DEN,25,14,9,5,19.8,99.5,107.7,-8.3,13.7,2.78,21.2,3.4,11.6,7.4,7.6,48.1,49.4,14.4,98.21,7,566
43,P.J. Tucker,MIA,36,14,9,5,28.3,111,101.4,9.6,7,1.33,18.7,7.2,14.4,10.8,14,58.1,59.8,9.3,97.26,7.3,801
43,Pat Connaughton,MIL,28,14,6,8,29.8,105.5,111.8,-6.3,9.1,2,15.7,2.8,13,7.8,7.8,61.2,61.5,14,102.65,9.2,891
43,Paul George,LAC,31,14,9,5,35,107.2,101.6,5.5,25.6,1.15,15.1,1.6,19.8,10.9,13.2,51.5,56,34.2,102.46,16.5,"1,046"
43,R.J. Hampton,ORL,20,14,3,11,18.3,95.4,110.6,-15.2,18.8,1.29,18,2.1,13.8,7.7,14,50.6,52,20.4,101.87,7.4,542
43,RJ Barrett,NYK,21,14,8,6,33.3,107.1,112,-4.9,10.3,1.11,11.4,1.8,13.7,7.7,10.3,48,50.7,22,98.46,7.3,956
43,Reggie Jackson,LAC,31,14,9,5,34.5,107.5,101,6.5,18.3,2.38,17,1.9,7.1,4.6,7.2,48,50,24.1,102.28,8.8,"1,032"
43,Richaun Holmes,SAC,28,14,6,8,27.3,109.3,106.3,3,7.7,0.73,10.5,10.2,25.9,18.4,14.4,69.7,73,17.7,103.77,15.8,821
43,Royce O'Neale,UTA,28,14,9,5,31.3,117.1,105.3,11.8,9,1.72,23.3,2.9,10.9,7.1,13.5,57,58.4,9.8,99.84,7,909
43,Rudy Gobert,UTA,29,14,9,5,30.9,109.9,104.2,5.7,4.4,0.43,6.4,9.6,37.4,23.9,14.9,70.6,71.8,17.2,100.08,18.9,900
43,Seth Curry,PHI,31,14,8,6,32.9,111.7,108.1,3.6,11.6,1.46,15.8,1.3,7.6,4.6,10.9,63,66.4,18.1,96.5,9.4,928
43,Stephen Curry,GSW,33,14,12,2,33.5,116,97,19,30.8,2.04,20.6,2.1,15.1,8.8,10.1,58.8,63.8,30.6,104.82,19.4,"1,025"
43,Steven Adams,MEM,28,14,7,7,25.6,108.8,113.3,-4.5,13.9,2,24.1,14,18.3,16,12,52.4,56.6,13.6,100.39,10.6,753
43,Terrence Ross,ORL,30,14,3,11,26,97.8,119.4,-21.7,13,1.65,15.3,1,5.8,3.3,9.3,46.5,50.1,17.9,100.16,5.9,757
43,Tyler Herro,MIA,21,14,9,5,33.6,113.6,105.6,8,19.1,1.46,15,2.1,14,8.2,10.3,53.7,56.5,27.4,98.37,13.5,961
43,Tyus Jones,MEM,25,14,7,7,15.8,100,108.2,-8.2,28.7,5.13,35,1.1,12.1,6.3,6.8,61,61.7,14.2,101.25,12.8,467
43,Wendell Carter Jr.,ORL,22,14,3,11,29,103.4,105.5,-2,13.8,1.43,15.6,8,24.1,16.1,10.8,60.8,61.8,18.7,99.78,14.5,845
43,Zach LaVine,CHI,26,14,10,4,35.1,106.1,102,4.1,18.9,1.33,13.5,1.4,13.8,7.8,10.2,55.5,60.1,30.1,100.69,14.7,"1,034"
138,Aaron Holiday,WAS,25,13,10,3,18.2,103.1,104,-1,15.2,1.71,21.2,1.3,8.9,5.4,12.4,52.9,55.5,16.5,99.76,7.2,490
138,Aleksej Pokusevski,OKC,19,13,5,8,15.3,88.6,100,-11.4,12.8,0.94,13.9,4.8,21.6,12.4,14.8,41.1,42.5,19.1,101.27,8.9,421
138,Alperen Sengun,HOU,19,13,1,12,19.3,99.6,112.2,-12.6,18.1,1,17.7,6.6,17.3,11.8,17.7,51.8,57.1,21.5,107.08,9.8,564
138,Anthony Edwards,MIN,20,13,4,9,36.3,105.2,105.6,-0.5,16.9,0.94,11.7,4.3,13.1,8.4,12.5,48.7,51.5,29.1,100.62,11.3,986
138,Ayo Dosunmu,CHI,21,13,9,4,15.1,103.6,105.3,-1.7,9.2,1.08,13.3,2.5,10.6,6.5,12.2,46.4,47.2,17.9,101.34,4.8,416
138,Cameron Johnson,PHX,25,13,10,3,21.8,97.3,101.1,-3.8,6.9,2.17,11,1.3,11.7,6.5,5.1,44.7,47.3,15,105.42,7.3,624
138,Chris Paul,PHX,36,13,10,3,31.8,110.8,103.8,6.9,42.9,4.29,41,1.4,10.6,6.2,9.6,54,59.6,19.6,102.5,16.1,883
138,Cory Joseph,DET,30,13,3,10,19.3,100.9,107.3,-6.3,25,2.11,29.6,2.2,4.9,3.5,14.1,48.5,54.1,16,100.69,7.5,528
138,Darius Bazley,OKC,21,13,5,8,27.9,101.3,111.8,-10.5,7.7,0.75,9.6,3.8,17.5,10.8,12.8,46.2,48.6,19.7,101.31,8.7,765
138,Darius Garland,CLE,21,13,8,5,33.8,108.3,103.6,4.7,30.5,1.81,27.8,0.5,5.8,3.3,15.3,58.2,61.2,22.7,97.13,11.2,891
138,David Nwaba,HOU,28,13,1,12,12.6,101.1,109.5,-8.4,9.1,1.25,13.3,4.1,20.5,11.7,10.7,48,50.9,15.4,107.68,9.2,366
138,DeAndre Jordan,LAL,33,13,7,6,13.6,98,104.6,-6.7,4.9,0.6,10.2,11.3,26.1,19.1,16.9,79.5,78.8,12,106.19,14.8,391
138,Delon Wright,ATL,29,13,6,7,11.9,102.1,97.9,4.2,26.9,4.83,40.8,6.4,12.7,9.4,8.5,40.3,45.2,11.1,102.08,10.3,329
138,Deni Avdija,WAS,20,13,10,3,21.6,109,93.6,15.4,8.1,1.89,18.1,5.1,18.3,12.5,9.6,54.4,55.9,11.8,101.37,9.4,589
138,Devin Booker,PHX,25,13,10,3,32.8,110.4,101.6,8.8,25.3,1.97,18.5,3.2,13.2,8.5,9.4,49,53.9,30.7,103.27,13.4,920
138,Donovan Mitchell,UTA,25,13,8,5,32.1,117.3,103.3,14,26,1.88,16.5,3.3,9.1,6.3,8.7,51.3,54.6,33.1,99.98,14,867
138,Dorian Finney-Smith,DAL,28,13,9,4,30.9,106.3,111.9,-5.6,5.6,1.07,11.4,6.4,9.7,8,10.7,47.5,49,13.4,98.36,5,822
138,Dwight Howard,LAL,35,13,6,7,14.3,105.5,102.7,2.8,2.9,0.25,6,9.7,22.9,16.8,23.9,62.5,64.5,14.2,103.26,10.4,400
138,Dwight Powell,DAL,30,13,9,4,22.7,102.8,111.3,-8.4,7.3,1.08,13.5,10,12,11,12.5,61.5,63.4,13.4,98.19,7.7,601
138,Facundo Campazzo,DEN,30,13,8,5,15.2,94,114.7,-20.7,17.6,1.77,28,2.5,10.7,6.3,15.9,48.8,51.6,13,98.41,6.1,402
138,Frank Jackson,DET,23,13,3,10,18.5,98.4,108.2,-9.8,5,0.64,6.1,0.8,5.8,3.2,9.6,45.6,48.5,18.9,101.52,3.9,506
138,Garrett Temple,NOP,35,13,2,11,21.9,94.1,115.7,-21.6,11,1.9,17.8,3.6,11.8,7.4,9.3,52.9,56.5,13,100.14,7.3,593
138,George Hill,MIL,35,13,6,7,28.7,110.6,102.8,7.8,14.7,2.73,26.5,3.3,8.4,5.9,9.7,52.1,54.6,13.1,99.44,7.4,771
138,Giannis Antetokounmpo,MIL,26,13,6,7,32.9,109.4,102.6,6.8,31.3,2,18.5,5.3,25.8,15.8,9.3,52.4,56.7,33.8,102.14,19.6,913
138,Isaiah Hartenstein,LAC,23,13,9,4,16.4,105.8,89.5,16.4,11,1,15.1,10.6,16.7,14,15.1,63.7,64.7,17.2,104.37,12.8,463
138,Isaiah Stewart,DET,20,13,3,10,24.1,92.6,107.8,-15.2,8.7,1.25,12.7,7.6,22.8,14.3,10.2,56.3,57.1,13.9,97.82,11.6,635
138,Ish Smith,CHA,33,13,7,6,14.4,101.7,112.3,-10.6,27.2,2.62,26.8,0.5,9.4,4.6,10.2,39.1,39.1,20,104.62,6.1,409
138,JaVale McGee,PHX,33,13,10,3,16.9,109.3,99.2,10.2,5.9,0.4,6.5,12.1,25.9,19.3,16.3,65.1,65.5,21.6,103.84,15,472
138,Jaden McDaniels,MIN,21,13,4,9,25.4,103.2,101.4,1.7,5.6,1.08,12.3,5.2,9.8,7.4,11.3,42.9,44.5,11.4,101.72,2.5,696
138,Jae Crowder,PHX,31,13,10,3,28.8,114,102.5,11.5,6.2,1.46,13.2,2.2,15.3,9.1,9,46.7,48.6,14.3,101.63,6.6,791
138,Jalen Brunson,DAL,25,13,9,4,29.1,113.8,103.9,9.8,23.5,3.59,25.2,1.5,12.9,7.1,7,55.7,58.9,20.3,100.13,13,791
138,Jalen McDaniels,CHA,23,13,7,6,12.3,102.4,100.9,1.5,11.4,2,17.6,3.4,13.4,8.4,8.8,64.3,65.1,14.5,102.62,10.2,340
138,Jalen Suggs,ORL,20,13,3,10,28.1,99,102,-3,19.4,1,17,2.7,7.8,5.3,17,35.4,41.8,24.9,100.69,3.7,765
138,Jarred Vanderbilt,MIN,22,13,4,9,19,98.7,105.9,-7.2,7.5,0.8,14,9.2,19.4,13.8,17.4,50,54.8,11.8,102.35,9.2,523
138,Jeremiah Robinson-Earl,OKC,21,13,5,8,18.8,96.8,104.3,-7.5,5.8,0.75,10.2,8,15.2,11.6,13.6,55.3,55.3,13.8,100.01,8.8,507
138,Josh Giddey,OKC,19,13,5,8,28.8,100.6,111.6,-10.9,33.6,2.22,31.6,4.8,16.4,10.6,14.2,41.3,42.5,19.7,100.38,9.5,780
138,Josh Jackson,DET,24,13,3,10,21.6,101.4,115,-13.6,15.6,1.35,17.1,3.4,16.5,9.6,12.7,49,51.9,19.9,100.12,8,586
138,Juan Toscano-Anderson,GSW,28,13,12,1,11.9,103.7,104.3,-0.6,17,1.7,24.3,1.9,12.7,7.5,14.3,53.9,57.8,14.7,101.62,8.5,326
138,Karl-Anthony Towns,MIN,26,13,4,9,35.3,104.5,107.3,-2.8,16.5,0.93,13.2,7.8,17.1,12.2,14.1,58.7,63,25,100.7,15.9,961
138,Kemba Walker,NYK,31,13,8,5,25.7,103.5,117.9,-14.4,19.4,2.29,19.5,0.6,9.8,4.9,8.5,55.8,57.4,21.2,98.34,10.3,682
138,Kenrich Williams,OKC,26,13,5,8,21,92.6,100.2,-7.6,11,1.38,15,2.8,12.3,7.4,10.8,47.5,50,15.5,101.67,7.5,578
138,Kentavious Caldwell-Pope,WAS,28,13,10,3,30.8,105.2,103.4,1.8,7.2,1.67,13.2,1.7,10,6,7.9,50.4,52.1,14.3,99.2,7,827
138,Kenyon Martin Jr.,HOU,20,13,1,12,14.5,102.6,104.8,-2.2,8,2.5,13,3.6,11.6,7.9,5.2,62.9,65.6,14.5,107.05,12.8,423
138,Kira Lewis Jr.,NOP,20,13,1,12,13,79.1,111,-31.9,31.7,1.37,21.7,1.4,11,5.8,15.8,36.7,37.1,22.9,102.62,3.9,359
138,Kyle Kuzma,WAS,26,13,10,3,33.1,104.8,104.5,0.3,8.9,1.04,10.9,2.8,22.4,13,10.4,51.8,52.3,20.8,98.87,10.4,887
138,Kyle Lowry,MIA,35,13,9,4,34.3,109.7,102.8,6.9,30.8,2.38,33.8,1.5,11.8,6.8,14.2,52.2,55.9,17.5,100.64,10.8,930
138,Luka Doncic,DAL,22,13,9,4,34.8,104.4,113.8,-9.3,43.5,1.91,22.1,1.9,22.3,11.7,11.6,49.1,52,35.2,98.03,15.9,923
138,Malik Beasley,MIN,24,13,4,9,25.3,101.6,112.5,-11,10.7,2.56,13.6,1.5,11,5.8,5.3,42.9,43.2,18,102.68,6.1,703
138,Marcus Smart,BOS,27,13,7,6,35.8,108,100.5,7.5,18,2.54,28,0.6,9.6,5.1,11,42.9,46.8,14.5,98.69,7.4,957
138,Mikal Bridges,PHX,25,13,10,3,32.8,113,101.7,11.2,5.9,1.9,10.9,1.6,7.9,4.9,5.7,61.6,62.7,15.3,103.07,8.4,916
138,Mitchell Robinson,NYK,23,13,7,6,25.9,105.7,114.9,-9.2,5.1,1.2,15.2,9.4,18.8,14,12.7,81.4,78.3,8.7,97.71,9.3,683
138,Montrezl Harrell,WAS,27,13,10,3,28.5,111.9,101,10.9,13.7,2.13,15,8,20.9,14.8,7,64,70,21.2,99.72,18.8,773
138,Moritz Wagner,ORL,24,13,3,10,9.9,102.5,109.5,-7,6.1,0.71,8.1,2,20.6,10.9,11.3,53.4,53.8,17.9,104.08,5.6,277
138,Nicolas Batum,LAC,32,13,9,4,27.3,105.2,100.8,4.5,8.5,2.1,17.2,1.3,17.9,9.7,8.2,68.5,67.9,11.9,102.83,12.1,763
138,Nikola Jokic,DEN,26,13,8,5,32.2,111.6,97.4,14.2,33.5,1.86,21.8,9,31.5,20.8,11.7,64.2,66.5,30.7,97.64,25.3,853
138,Norman Powell,POR,28,13,6,7,28.6,112.1,112.1,0,7.6,1.46,9.2,1.6,7.9,4.7,6.3,57.5,61.8,21.6,99.85,9.6,777
138,Otto Porter Jr.,GSW,28,13,11,2,16.7,107.9,94.9,13,9.1,1.75,15.6,5.2,19.2,12.3,8.9,60.2,62.2,14.6,100.24,12.7,457
138,Precious Achiuwa,TOR,22,13,7,6,24.1,104.7,104.8,-0.1,8.6,1.27,11.8,7.9,27.3,17.2,9.3,36.1,38.4,19.2,98.49,7.9,642
138,Reggie Bullock,DAL,30,13,9,4,21.3,101.4,102.1,-0.7,4.9,1.8,9.1,1,10.6,5.7,5.1,50,50.5,14,97.49,5.5,566
138,Robert Williams III,BOS,24,13,7,6,30.8,109.2,101.2,8,6.5,1.2,14.8,12.7,16.6,14.6,12.3,73.4,72.9,11.1,97.98,13.5,816
138,Saddiq Bey,DET,22,13,3,10,32.5,99.8,110.5,-10.7,15.7,2.35,16.1,5.9,15,9.9,6.8,44.4,47.5,20.6,98.7,10.1,868
138,Scottie Barnes,TOR,20,13,5,8,35.5,108.5,107.3,1.1,11.9,1.24,14.1,7.3,16,11.3,11.3,51.7,55.5,19.9,97.36,11,932
138,Shai Gilgeous-Alexander,OKC,23,13,5,8,34.7,102,110,-8,21.7,1.62,16,1.4,11.5,6.5,9.9,49.1,54.4,27,100.47,11.7,947
138,Terance Mann,LAC,25,13,8,5,29.7,106.7,95.6,11.1,13.3,2.77,22,4.6,10.4,7.6,7.9,53.8,56.9,13.8,101.86,9.5,824
138,Thanasis Antetokounmpo,MIL,29,13,5,8,15.1,99,104,-5,9.9,1.44,17.1,8.6,16.1,12.3,11.8,50,52.1,13.5,102.75,8,419
138,Tim Hardaway Jr.,DAL,29,13,9,4,31.9,107.6,111.2,-3.7,11.2,4.43,15,0.4,11.7,5.9,3.4,53.2,55.9,18.3,99.2,9.1,860
138,Trey Lyles,DET,26,13,3,10,15.7,105.4,111.4,-6,9.4,0.8,10.6,7.5,18.7,13,13.3,47.2,54,21,100.75,9.9,426
138,Willie Cauley-Stein,DAL,28,13,9,4,9.4,108.1,97.7,10.4,7.3,3.5,25,5.8,15.9,10.6,7.1,42.1,42.1,7.1,101.55,6.2,259
206,Abdel Nader,PHX,28,12,9,3,11,93.9,96.3,-2.4,7.4,0.7,13.2,2.9,14.4,8.7,18.9,43.8,47.9,13.9,107.56,5.7,297
206,Andre Iguodala,GSW,37,12,10,2,20.8,110.1,88.6,21.5,23.6,5,45,3.2,11.9,7.9,9,47.7,49.3,9.3,100.8,10.5,524
206,Austin Rivers,DEN,29,12,9,3,15,100,105.4,-5.4,5.6,0.88,11.9,2.3,7.7,4.9,13.6,34.5,35.4,13.1,94.07,0.9,352
206,Bam Adebayo,MIA,24,12,7,5,33.1,105.1,101.1,4,14,0.89,11.8,7,23.8,15.6,13.3,50.3,58.2,25.6,99.11,16.7,820
206,Corey Kispert,WAS,22,12,9,3,11.4,118,98.6,19.5,8.1,1.8,18.8,4.9,11.3,8.4,10.4,43.8,45.9,12.5,98.92,6.2,283
206,D.J. Augustin,HOU,34,12,1,11,11.8,96,119.8,-23.8,23.3,1.91,30.4,0.6,3,1.7,15.9,54.4,61.2,13.3,109.46,5.8,328
206,Daniel Theis,HOU,29,12,1,11,23.4,90.3,111.5,-21.3,4.5,0.5,6.4,4.5,13.3,8.9,12.8,60,62.6,15.2,102.11,8.5,595
206,Danilo Gallinari,ATL,33,12,4,8,18.5,103.4,104.6,-1.2,5.4,1.33,8.2,4.3,13.5,8.7,6.2,46.2,49.2,16.5,101.58,7.8,466
206,Dean Wade,CLE,24,12,7,5,19.2,100,98.3,1.7,7.5,4,20,2.3,13.2,7.9,5,46.7,46.7,9.3,97.55,4.8,466
206,Frank Ntilikina,DAL,23,12,8,4,14,109.2,98.1,11.2,12.1,2.14,18.8,1.6,10.6,6.1,8.8,48.1,52.2,16.1,102.46,7.2,358
206,Gabe Vincent,MIA,25,12,7,5,10.3,98.8,95,3.9,24.1,2.33,35,5.1,6.8,6,15,41.4,43.5,13.4,99.79,5,258
206,Herbert Jones,NOP,23,12,2,10,24.9,112.2,106.8,5.4,8.2,1,16.4,5,6.5,5.8,16.4,53.7,56.6,12.9,99.18,4.5,615
206,Jerami Grant,DET,27,12,3,9,32.2,94.2,108.6,-14.3,14.9,1.2,11.6,2.8,10.6,6.3,9.7,46.7,52.4,24.8,98.82,10.9,798
206,John Konchar,MEM,25,12,7,5,13.9,99.7,110,-10.3,9,2.2,21.2,5.4,13.9,9.3,9.6,43.8,43.6,9.7,101.12,5.5,354
206,Justin Robinson,MIL,24,12,5,7,14.1,98.4,107.5,-9.1,13,1.56,20.6,1.1,5.4,3.3,13.2,46.6,47.9,13.2,105.15,4.2,370
206,Khem Birch,TOR,29,12,6,6,22.9,110.9,107,3.9,8.3,2.13,18.1,12.9,10.8,11.9,8.5,46.6,52.9,11.3,97.18,8.5,559
206,Killian Hayes,DET,20,12,3,9,25.8,95,108.2,-13.3,21.7,2.1,28.8,2.7,10.3,6.1,13.7,38,41.2,14.7,99.16,5.8,635
206,Landry Shamet,PHX,24,12,9,3,17.6,100.2,106.6,-6.3,10.8,3,15.5,0.9,10.4,5.6,5.2,52.1,55.7,16.3,103.86,8,458
206,Luguentz Dort,OKC,22,12,5,7,32.2,101,111.2,-10.2,9.6,1,10.3,2.3,9.1,5.7,10.3,50.3,55.8,21,101.27,7.8,812
206,Maurice Harkless,SAC,28,12,5,7,21.4,105.6,101.8,3.8,3.4,1.17,10.9,0.4,11.3,6.2,9.4,46.9,48.8,9.7,101.2,4.3,535
206,Mike Conley,UTA,34,12,9,3,28.4,112.7,105.1,7.6,29.6,3.53,30.6,0.9,5.6,3.3,8.7,60.5,62.7,19,99.92,11.8,710
206,Naz Reid,MIN,22,12,4,8,15.7,94.6,108.4,-13.8,10.6,1.38,9.7,5.6,13.7,9.2,7.1,54.2,57.9,21.8,102.95,11.3,405
206,Paul Millsap,BKN,36,12,8,4,10.7,102.6,95.5,7.2,12.3,1.67,18.9,5.1,19.6,12.9,11.3,43.8,48.9,14.7,98.85,7.1,265
206,Paul Reed,PHI,22,12,6,6,10.7,109.5,122.8,-13.3,7.2,1.17,15.6,11.2,16.5,13.8,13.3,53.1,53.1,12.1,98.09,7.6,264
206,Payton Pritchard,BOS,23,12,6,6,10.6,93.4,111,-17.6,18.8,2.29,28.1,4.2,9.9,7,12.3,32.4,32.4,13.4,101.33,2.1,271
206,Raul Neto,WAS,29,12,9,3,21.4,105.9,100.2,5.7,20,1.84,24.8,0.4,9.7,5.3,13.5,56.6,57.8,17.8,101.01,9.2,542
206,Spencer Dinwiddie,WAS,28,12,9,3,30,102,99.9,2.1,34.8,3.43,26.1,2.7,13.5,8.4,7.6,50.6,55.5,24.6,100.3,14.9,749
206,Tre Jones,SAS,21,12,4,8,7.4,104.8,108.1,-3.2,21,6.5,27.1,1.1,8.8,4.9,4.2,50,52.5,16.9,100.64,9.5,186
206,Tyrese Haliburton,SAC,21,12,6,6,33,106.7,105.1,1.6,24.5,3.35,29.4,2.3,7.9,5.1,8.8,53.7,55.9,16.8,103.55,11.6,849
206,Will Barton,DEN,30,12,8,4,33.5,104.9,96.1,8.8,18.5,2.58,20.3,1.4,11.5,6.6,7.9,55.7,56.9,20.5,99.44,13.2,834
206,Ziaire Williams,MEM,20,12,6,6,18.3,101.3,113.6,-12.3,3.9,0.75,7.2,1.6,6.4,3.8,9.6,42.6,43.6,14.6,101.4,1.5,464
237,Aaron Nesmith,BOS,22,11,6,5,9.5,88.1,107.8,-19.7,7.8,1.25,11.1,4.3,14.1,8.8,8.9,35.7,37.6,16.1,100.44,3.2,219
237,Al Horford,BOS,35,11,6,5,29.3,98.6,97.1,1.5,19.1,2.57,20,4.8,24,14.4,7.8,50.8,55.1,19.5,98.87,16.8,665
237,Bones Hyland,DEN,21,11,7,4,16.5,113.1,111.7,1.4,19.7,2.56,19.8,1.5,11.8,6.2,7.8,51.9,55.2,22.4,94.97,10.1,358
237,Brandon Clarke,MEM,25,11,4,7,14.7,107.5,106.9,0.6,13,4.67,17.5,10.2,12.3,11.3,3.8,54.4,55.8,16.6,102.83,11.1,345
237,Caleb Martin,MIA,26,11,7,4,14.4,108.5,104.8,3.7,4.2,0.83,7.7,5.6,10.6,8.2,9.2,47.9,48.8,16.1,99.94,5.4,328
237,Collin Sexton,CLE,22,11,7,4,28.8,99.2,105,-5.8,12.5,0.74,10.4,4.1,6.6,5.4,14,48.7,52.3,26.4,99.96,7.4,663
237,D'Angelo Russell,MIN,25,11,4,7,31.1,102,97.5,4.5,29.3,2.07,21,0.3,10.1,5,10.1,47,49.9,26.4,102.71,11.5,735
237,Damion Lee,GSW,29,11,9,2,23.1,107.4,98.1,9.3,8.9,2.5,12.1,2,10.3,6.4,4.8,53.2,56.7,18.5,99.74,9.6,528
237,Daniel Gafford,WAS,23,11,8,3,20.3,101.8,104.8,-3.1,7.1,1.25,12.2,8.7,12.4,10.7,9.8,63.2,65.5,14.4,97.6,11.2,451
237,Danny Green,PHI,34,11,5,6,23.9,114.8,107.4,7.4,5.8,1.22,13.1,2.7,7.2,5.1,10.7,63.7,65.1,12.4,96.54,6.4,528
237,De'Andre Hunter,ATL,23,11,3,8,27.8,111.3,116.1,-4.8,3.1,0.5,5.1,1.3,8.2,4.7,10.3,51.8,51.6,17.8,99.56,3.8,636
237,Derrick Favors,OKC,30,11,5,6,17.2,100,110.2,-10.2,5,1.5,8.2,9.9,18.3,14.1,5.5,51.7,53.6,14.8,99.53,10.3,395
237,Doug McDermott,SAS,29,11,3,8,25.6,103,108.1,-5.1,6.6,2,11.7,1,6.8,3.8,5.8,56.8,57.6,15.7,104.12,6.1,607
237,Dylan Windler,CLE,25,11,7,4,11.6,108.5,95.8,12.6,15.7,2.6,24.5,5.7,12.8,9.3,9.4,62.1,63.3,13.7,98.81,9.8,260
237,Eric Gordon,HOU,32,11,1,10,27.2,102.4,105.2,-2.7,10.1,0.9,12.2,0.6,6.3,3.6,13.5,59.7,62,18.9,105.22,9,655
237,Jared Butler,UTA,21,11,9,2,4.7,102.7,93.2,9.5,22.6,1.17,18.9,0,9.5,5.2,16.2,34.1,35.8,23.6,105.86,-0.3,111
237,Jeremy Lamb,IND,29,11,3,8,15.1,110.9,112.2,-1.3,7.9,1.29,10.3,1.1,13,7.2,8,48.4,55.3,19.2,100.28,8.8,349
237,Jimmy Butler,MIA,32,11,7,4,33,110.5,103.5,7,27.3,2.67,19.6,5,10.7,7.9,7.4,54.2,62.5,27.2,97.07,19.2,732
237,Josh Hart,NOP,26,11,1,10,28.7,111.5,118.7,-7.2,17.9,3.08,25.5,3.9,17.9,10.5,8.3,54.3,58,15.8,97.95,9.5,644
237,Josh Okogie,MIN,23,11,3,8,14.6,102.6,92,10.7,8.4,1.25,18.2,6.4,10.7,8.5,14.5,37.1,40.7,11.4,101.3,4.8,340
237,Josh Richardson,BOS,28,11,6,5,24.2,104.3,108.1,-3.8,7.9,1.4,13.3,3.3,9.5,6.4,9.5,54,57,14.7,99.61,7.1,553
237,Justise Winslow,LAC,25,11,8,3,9.5,91,97.4,-6.3,17.9,0.86,18.8,5.2,17.7,11.7,21.9,36.5,37,19.7,106.27,6.4,234
237,Moses Moody,GSW,19,11,11,0,6.8,83.8,93.3,-9.5,7.1,3,10.7,0,10.5,5.3,3.6,39.1,39.8,13.5,106.19,4.1,167
237,Naji Marshall,NOP,23,11,1,10,14.9,85.4,106.9,-21.5,12.6,0.86,17.6,4.4,20.2,11.4,20.6,30,40.1,13.9,101.22,5.7,343
237,Nick Richards,CHA,23,11,5,6,8.9,99.1,110.4,-11.3,3.1,0.22,5.3,10.2,11.3,10.7,23.7,64,67.7,14.8,106.69,6.8,214
237,Nikola Vucevic,CHI,31,11,8,3,34.1,107.3,101.1,6.1,18.6,2.94,20.5,5.1,25.6,15.6,7,43.3,45.4,21.2,100.32,12,786
237,Patrick Beverley,MIN,33,11,3,8,26.4,103.4,110.7,-7.2,24.5,3.5,36,4.9,11.4,8.1,10.3,57,57.4,12.3,100.95,9,611
237,Shake Milton,PHI,25,11,6,5,25.6,104.5,111.9,-7.4,20,2.69,19.9,2.3,9.2,5.8,7.4,47.9,52.5,21.4,98.44,9.3,579
237,Sterling Brown,DAL,26,11,8,3,11.7,99.6,98.5,1.1,8.6,1.14,15.7,3.9,18.5,11.2,13.7,30,32.1,13.5,101.92,3.9,275
237,Taurean Prince,MIN,27,11,4,7,12.7,89,99.7,-10.7,7.4,1.17,13.5,2.8,10.9,6.4,11.5,30.6,34.2,12.7,105.58,1.4,309
237,Thaddeus Young,SAS,33,11,3,8,19.5,99.8,99.8,0,27.8,2.35,28.8,8.6,12.4,10.4,12.2,59.7,58.3,18.9,103.92,13.4,468
237,Tony Bradley,CHI,23,11,7,4,13.1,113.9,96.1,17.8,4.2,0.63,11.1,13.3,18.5,16.1,17.8,48.4,48.6,11.6,102.39,7.7,310
237,Troy Brown Jr.,CHI,22,11,9,2,7.9,95.7,105.5,-9.8,4.2,1,5.7,2.2,15.6,8.3,5.7,55,55.1,16.1,100.82,7.9,185
270,Amir Coffey,LAC,24,10,6,4,8.1,93,82.3,10.7,7,2,13.8,2.2,7.8,5.2,6.9,32.4,50.6,12.1,108.42,4.8,185
270,Armoni Brooks,HOU,23,10,1,9,8.1,104.5,87.1,17.4,4.9,3,7.9,2,7.4,4.6,2.6,38.2,41.1,17.1,105.68,3.1,178
270,Austin Reaves,LAL,23,10,6,4,21.3,108.4,100.2,8.2,6,1.25,14.9,1,7.2,4.5,11.9,57.6,61.6,11.3,103.12,5.1,462
270,Bradley Beal,WAS,28,10,7,3,36,104.4,100.1,4.3,27.5,1.4,17.1,2.1,12,7.2,12.2,44.4,49.7,32.5,99.38,12.1,745
270,Derrick Jones Jr.,CHI,24,10,7,3,16.8,118.5,105.7,12.8,4.5,1.5,11.1,5.8,12.8,9.6,7.4,68.1,74.4,12,100.09,11.2,351
270,Goga Bitadze,IND,22,10,4,6,7.9,97.1,108,-10.9,3.9,0.5,5.6,10.2,17.1,13.3,11.1,41.1,46.4,17.1,101.69,5.8,171
270,Jordan McLaughlin,MIN,25,10,4,6,11.2,94.3,107.9,-13.6,30.7,3.83,39.7,0.7,9.2,4.4,10.3,30.8,34.9,12.3,104.32,7.2,245
270,Josh Christopher,HOU,19,10,1,9,7.9,100.6,95.9,4.7,21.2,1.83,22.4,2.1,8.9,5.4,12.2,35,38.3,19.7,104.12,6.5,172
270,Keita Bates-Diop,SAS,25,10,3,7,12.8,111.7,94.8,17,1.9,0.4,5.3,3.9,16.3,10.4,13.2,46.6,50.4,12.2,100.12,7.6,264
270,Kelly Olynyk,DET,30,10,2,8,23,104.6,112,-7.4,16.7,1.53,15.4,5.2,20,11.8,10.1,53.1,55.1,23.2,101.06,11.7,483
270,Lou Williams,ATL,35,10,4,6,11.9,102,103.9,-2,16.7,2,15,0.7,9.8,4.9,7.5,43.2,47.6,22.7,102.95,8.8,254
270,Malcolm Brogdon,IND,28,10,4,6,36.7,107.3,107.7,-0.4,30.2,2.43,22.8,3.5,15.2,9.5,9.4,48.9,54.4,26.9,98.42,15.2,754
270,Markieff Morris,MIA,32,10,7,3,18.7,116.7,107.1,9.5,10.2,1.17,14.3,7.2,7.3,7.3,12.2,51.4,53.3,19,99.51,5.5,384
270,Mike Muscala,OKC,30,10,4,6,14,91.4,96.3,-5,6.9,1.25,6.7,2.6,16.9,9.9,5.3,60.9,65.8,20.6,103.32,17.8,302
270,Rajon Rondo,LAL,35,10,3,7,17.2,98.2,100,-1.8,37.7,2.3,39.7,2.1,10.5,6.3,17.2,35,35,16.4,105.31,7,379
270,Romeo Langford,BOS,22,10,5,5,19.5,95.5,103,-7.6,4.8,1,10.2,4.7,7.3,6,10.2,53.4,54.2,11.6,97.81,4.6,396
270,Terence Davis,SAC,24,10,4,6,12.5,103.7,107.1,-3.4,7.8,1.4,10.3,0.8,8.7,5,7.4,35.7,35.7,20.1,103.67,0.9,272
270,Terry Rozier,CHA,27,10,5,5,32,106.1,107.9,-1.8,13.3,1.53,14.2,1.9,7.7,4.7,9.3,44.6,48.2,22.3,103.37,7.3,693
270,Tomas Satoransky,NOP,30,10,1,9,15.3,93.2,111.7,-18.6,26.3,3.13,37.9,1.9,9.2,5.3,12.1,32.3,37.2,11.7,97.61,4.7,308
270,Ty Jerome,OKC,24,10,5,5,12.6,94.6,83.2,11.4,13.5,3.33,13.5,1.3,6.1,3.7,4.1,40.4,42.7,20.5,104.5,5.6,276
270,Xavier Tillman,MEM,22,10,5,5,13.6,99.6,118.2,-18.6,13.3,2,22.2,6.7,18.9,12.1,11.1,50,52.7,13.3,96.72,10.3,274
291,Alize Johnson,CHI,25,9,7,2,9.3,98.2,116.2,-18,12.8,1.2,18.8,12.5,23.9,17.6,15.6,63.2,63.7,13.7,97.53,11.4,167
291,Bobby Portis,MIL,26,9,3,6,27.1,104.2,112.7,-8.6,8.1,0.86,8.4,7.7,17.4,12.4,9.8,50.5,51.8,22.5,98.13,10.1,504
291,Cam Thomas,BKN,20,9,4,5,5,77.7,90.1,-12.5,20.8,2.5,16.1,1.9,10.5,5.5,6.5,21.7,25.1,24.1,99.63,3.2,94
291,Denzel Valentine,CLE,28,9,5,4,6.9,94.5,87.8,6.7,2.9,0.33,3.4,6.8,13,9.4,10.3,40,40,19.2,100.67,2.9,128
291,Frank Kaminsky,PHX,28,9,8,1,20.1,105.5,96,9.6,10.5,2.6,14.1,6,14.4,10.5,5.4,58.3,63.5,18.5,105.45,14.1,398
291,Gary Harris,ORL,27,9,1,8,22.1,86,118.6,-32.5,12,1.27,17.1,3.1,3.1,3.1,13.4,41.1,41.9,14.4,100.03,1.7,415
291,Joel Embiid,PHI,27,9,7,2,30.9,112.3,103,9.3,21.2,1.33,15.3,6.4,22.6,15.4,11.4,48.2,56.1,32.8,96.54,16.2,560
291,Lamar Stevens,CLE,24,9,5,4,10.1,106.7,97.5,9.2,1.4,0.5,3.4,7.1,7.6,7.4,6.9,30.8,32.1,12.3,103.44,0.3,194
291,Malachi Flynn,TOR,23,9,5,4,4.6,107.8,97.8,10,17.2,0,25,3.8,10.9,7.1,0,50,50.8,13.4,105.01,8.6,90
291,Matisse Thybulle,PHI,24,9,7,2,25,111.3,103.5,7.8,7,1.5,20,1.9,6.8,4.5,13.3,55,56.3,9.7,97.24,6.9,451
291,Max Strus,MIA,25,9,7,2,18.4,105.1,98.6,6.5,5,1.2,9.2,1.8,15.5,9,7.7,53.8,53.4,14.6,102.7,8.3,355
291,Michael Porter Jr.,DEN,23,9,5,4,29.4,104.5,94.7,9.8,8.5,1.42,12.6,3.5,17.2,10.8,8.9,40.8,41.6,19.2,100.33,7.4,556
291,Omer Yurtseven,MIA,23,9,6,3,3.5,94,91.3,2.7,0,0,0,7.4,20,14,17.6,57.1,57.1,23.6,104.07,12.7,67
291,Rodney Hood,MIL,29,9,3,6,13.4,98.4,97.7,0.8,6.8,5,13.5,1.6,10.6,6.3,2.7,48.2,54.7,11.6,101.4,7,253
291,Semi Ojeleye,MIL,26,9,3,6,20.7,95.3,108.7,-13.4,2.4,0.6,6.5,8.5,8.3,8.4,10.9,41.7,43.2,9.7,100.15,3.3,386
291,Taj Gibson,NYK,36,9,5,4,20.9,108.7,97.1,11.6,5.8,1,16.7,10.3,12.2,11.3,16.7,48.3,53.8,9,97.48,5.4,380
291,Theo Maledon,OKC,20,9,3,6,14.2,94.8,105.9,-11.1,13,1.09,20.3,2.8,8.6,5.6,18.6,25,28,15.5,101.21,0.2,268
291,Tobias Harris,PHI,29,9,4,5,33,110.4,111.4,-1,23.4,2.35,18.9,3.8,20.6,12.6,8,54.9,58.8,25.6,97.85,15.3,606
291,Tony Snell,POR,30,9,4,5,8.9,113.8,115.9,-2.1,7.9,5,29.4,1.3,9.1,5.2,5.9,54.5,54.5,6.7,94.78,3,159
291,Tre Mann,OKC,20,9,3,6,10.9,88.1,98,-9.9,4,0.4,3.8,4.1,7.6,5.8,9.6,51.2,50.4,20.6,99.31,4.8,202
291,Tristan Thompson,SAC,30,9,4,5,13.3,112.4,117.4,-5,5.7,0.63,9.8,15,22.3,18.7,15.7,50,54,15.8,101.13,8.9,250
312,Alex Len,SAC,28,8,3,5,17.4,100,101,-1,12,1,17.5,3.8,17.6,10.6,17.5,61.8,66,15.6,104.51,9.4,298
312,Brandon Ingram,NOP,24,8,2,6,35.5,106,111.4,-5.4,23.6,1.42,15,2,15.8,8.7,10.5,50.3,53.5,31.2,99.29,12.6,586
312,Cade Cunningham,DET,20,8,3,5,30,99.2,108.8,-9.6,21.5,1,16.4,4,14.5,8.7,16.4,42,45.3,25.7,97.33,7.4,486
312,Cameron Payne,PHX,27,8,7,1,17.1,98.3,90.4,7.9,25.6,1.33,18.5,1.3,10,5.7,13.9,47.8,50.6,26.3,105.88,9.5,302
312,Chuma Okeke,ORL,23,8,2,6,19.9,93.7,107.4,-13.8,10.5,1.11,13.7,3.4,13.1,8.1,12.3,34.7,41.8,16.8,100.48,5.3,331
312,Isaac Okoro,CLE,20,8,4,4,26.1,98.1,99.1,-0.9,9,1.33,14.8,4.2,11.1,7.7,11.1,39.8,43.7,14.7,97.98,4.5,425
312,Isaiah Joe,PHI,22,8,5,3,9.7,95.7,99.4,-3.7,7.5,1.33,11.8,0,12.1,6.4,8.8,38.9,40.1,16.3,99.81,3,161
312,Jaylen Brown,BOS,25,8,3,5,36.5,106.5,99.2,7.3,12.3,0.87,9.4,1,13.7,7.5,10.8,56.9,60.3,27.9,100.94,14,614
312,Jonathan Kuminga,GSW,19,8,7,1,8.5,101.3,85.5,15.8,7.1,0.43,7.9,7.2,13.6,10.7,18.4,54,53.4,20.8,106.54,5.5,149
312,Jrue Holiday,MIL,31,8,4,4,28.8,112.4,113.7,-1.3,29.3,2.09,24.9,1.6,11.1,6.3,11.9,46.4,48.6,25.5,99.42,9.7,482
312,Kelan Martin,IND,26,8,5,3,14.1,107.9,114.5,-6.7,9.2,2.33,11.7,1.8,11.7,6.7,5,56.1,56.6,20.3,95.34,10.1,228
312,Kristaps Porzingis,DAL,26,8,6,2,28.9,100.8,111,-10.1,8.5,0.92,6.7,7.1,19.2,12.7,7.3,50.8,54.9,28,99.15,12.9,480
312,Lauri Markkanen,CLE,24,8,4,4,30.7,104.9,109.1,-4.2,7.1,1.71,9.5,4,13.5,9,5.6,43.3,48.3,19.6,99.49,8.9,512
312,Oshae Brissett,IND,23,8,2,6,12.8,98.6,122.6,-23.9,4.5,0.43,7.1,2.9,15.7,9.2,16.7,50,48.1,15.9,102.5,4,220
312,Timothe Luwawu-Cabarrot,ATL,26,8,4,4,3.5,100,101.6,-1.6,11.8,2,11.1,0,16,7.8,5.6,42.3,49.3,22.5,110.01,10.1,67
312,Trent Forrest,UTA,23,8,5,3,9,95.9,88,7.9,8.7,1,25,0,7.5,4,25,42.9,50.8,7,98.91,3.3,148
328,Boban Marjanovic,DAL,33,7,4,3,5.9,112.9,100,12.9,10,0.4,6.1,12.2,13.3,12.8,15.2,69.6,66,32,99.79,12.3,85
328,Brad Wanamaker,IND,32,7,2,5,13.6,103.5,112.6,-9,28.8,1.58,33.3,3.3,10.8,7.3,21.1,32.6,37.1,16.7,100.11,2.7,198
328,CJ Elleby,POR,21,7,4,3,5.5,81.1,108.1,-27,9.1,0.67,11.1,2.3,20.5,11.4,16.7,34.6,34.6,16,110.02,3.4,90
328,Caris LeVert,IND,27,7,4,3,27.3,110.2,100,10.2,22,2.25,16.4,2.1,7.8,5.1,7.3,42.5,46,31.3,95.56,9.3,383
328,Danuel House Jr.,HOU,28,7,1,6,14.4,96.1,105.8,-9.7,12.1,1.33,16,0.8,19.8,10,12,34.4,40.8,16.7,108.09,7.4,228
328,Davis Bertans,WAS,29,7,5,2,16.9,104.2,107.8,-3.6,4.6,1.33,8.5,0.8,9.6,5,6.4,47.4,52.3,14.8,106.22,4.3,265
328,Day'Ron Sharpe,BKN,20,7,3,4,4.7,78.3,75.8,2.5,0,0,0,17.6,29,23.1,27.3,53.6,53.9,27.8,98.33,16.1,69
328,Deandre Ayton,PHX,23,7,4,3,29.7,108.6,108.1,0.5,5.8,0.8,7.8,11,25.8,18.3,9.7,61.4,62.2,19.3,102.1,14.5,441
328,Dennis Smith Jr.,POR,23,7,4,3,13.4,95.7,110.2,-14.5,26.9,2,36.7,1,8.7,4.9,18.4,50,52.4,13.2,105.96,8.6,210
328,Hamidou Diallo,DET,23,7,0,7,12.3,97.8,101.6,-3.8,10,0.83,12.5,3.4,12.2,7.5,15,50,54.6,16.9,102.2,8.5,180
328,Ignas Brazdeikis,ORL,22,7,1,6,7.6,95.5,115.5,-20,12.1,1.33,16,3.4,11.3,7.5,12,33.3,33.3,16.9,102.05,1.5,111
328,Isaiah Roby,OKC,23,7,1,6,10.7,99.4,108.9,-9.5,11.4,1.67,13.5,5.9,11.4,8.4,8.1,53.8,59.4,17.6,101.61,9.3,160
328,Jakob Poeltl,SAS,26,7,2,5,29.9,105.9,108.6,-2.8,12.2,1.5,16.8,15.4,15.9,15.6,11.2,64.8,63.2,17.6,102.5,12.7,443
328,James Johnson,BKN,34,7,4,3,9.9,100,88.5,11.5,8,1,21.1,2.8,8.2,5.8,21.1,22.2,27.9,9.4,98.4,1,144
328,Josh Green,DAL,21,7,3,4,5.3,108.5,86.4,22.1,7.1,1,15.4,10.5,15,12.8,15.4,33.3,33.3,12,106.32,4.3,82
328,Kevin Love,CLE,33,7,3,4,20.7,101,99,1.9,17.4,2.67,17,6.1,26.6,16,6.4,39.5,48.1,21.6,102.99,14.9,312
328,Luka Garza,DET,22,7,0,7,10.1,94.2,112.1,-17.9,9.5,2,14.8,9,12.3,10.5,7.4,52.5,57.4,12.8,106.37,7.7,156
328,P.J. Washington,CHA,23,7,4,3,21.1,106.9,114.3,-7.4,9.7,1.11,12.8,5.8,14.8,9.8,11.5,55.8,59.3,18.5,103.13,10.4,320
328,Rodney McGruder,DET,30,7,0,7,5.7,110.6,85.1,25.5,10.7,0,17.6,4.7,11.4,7.7,0,46.2,50.4,14.7,103.2,8.7,85
328,Sandro Mamukelashvili,MIL,22,7,4,3,8.7,99.2,113.6,-14.4,5.1,1,10,4.8,9.4,7.1,10,56.7,58.2,12.6,102.48,5.8,129
328,Solomon Hill,ATL,30,7,4,3,12.5,111.4,96.7,14.6,12.9,9,42.9,2.3,12.8,7.8,4.8,27.3,27.3,5.7,101.2,2.6,185
328,Usman Garuba,HOU,19,7,1,6,6.4,110.4,90.5,19.9,16.7,3,27.3,11.5,24,17.6,9.1,42.9,42.9,14.5,102.59,12.8,96
328,Wayne Ellington,LAL,33,7,3,4,22.4,106,108.3,-2.3,4.5,1.67,9.4,1.3,6.7,4.1,5.7,58.9,59.9,13,102.66,5.7,335
351,Charles Bassey,PHI,21,6,2,4,4.1,90,106.3,-16.3,7.7,0,11.1,12.5,19,15.1,0,57.1,57.1,12.9,94.62,13.6,50
351,Greg Brown III,POR,20,6,4,2,5,79.2,107.4,-28.2,28.6,2,16,11.4,21.6,16.7,8,35.3,36.5,26.3,111.96,10.2,72
351,Jalen Johnson,ATL,19,6,4,2,3,90.9,100,-9.1,0,0,0,0,31.3,15.2,0,60,64.3,23.9,114.82,18.4,44
351,Juancho Hernangomez,BOS,26,6,3,3,3.1,93.2,141.5,-48.3,0,0,0,9.1,16.7,12.5,25,35.7,45.7,23.5,109.87,2.2,44
351,KZ Okpala,MIA,22,6,5,1,5.6,77.5,81.4,-4,5,0,7.7,8.1,20,13.9,0,40.9,46.3,15,101.2,14.7,71
351,Khris Middleton,MIL,30,6,3,3,31.5,105.3,110.1,-4.9,23.1,1.29,17.2,1.4,12.3,6.8,13.4,47.5,52.7,28.1,105.64,11.3,417
351,LeBron James,LAL,36,6,4,2,37.1,109.8,106.9,2.9,29.2,1.68,21.2,1.3,13.2,7.3,12.6,53.7,56.4,28.8,103.09,14.6,478
351,Maxi Kleber,DAL,29,6,4,2,18.8,105.2,97.4,7.8,4.1,0.75,8.1,4.6,19.4,12.1,10.8,69.6,72.2,13,98.64,13,232
351,Miye Oni,UTA,24,6,5,1,2.5,71.4,103.3,-31.9,33.3,0,66.7,0,18.8,10,0,100,69.4,3.4,94.45,9,28
351,Moses Brown,DAL,22,6,3,3,2.9,89.5,80,9.5,0,0,0,6.3,21.1,14.3,0,100,64.7,12.2,106.7,10.3,38
351,Skylar Mays,ATL,24,6,4,2,3,90.9,100,-9.1,11.1,0.5,10,0,12.5,6.1,20,90,97.2,19.6,114.82,15.8,44
362,Bol Bol,DEN,22,5,3,2,5.4,94.8,100,-5.2,15.4,0,15.4,3.6,22.2,12.7,0,54.5,52.8,16.4,101.97,13.8,58
362,Brandon Boston Jr.,LAC,19,5,5,0,6.6,75,77.6,-2.6,11.1,2,12.5,0,12.2,6.7,6.3,54.5,60.6,16.3,113.46,17,80
362,Chimezie Metu,SAC,24,5,2,3,19.7,118.2,102.4,15.8,4.9,0.67,7.8,2.9,21.6,12.6,11.8,56.6,59.1,18.8,103.36,11.3,214
362,Elfrid Payton,PHX,27,5,3,2,14.9,100,112.7,-12.7,30,2.14,27.8,6.7,14.3,10.7,13,53.6,53.9,20.7,106.67,10.9,166
362,Georgios Kalaitzakis,MIL,22,5,3,2,5.7,83.6,118,-34.4,0,0,0,10.3,6.9,8.6,20,38.9,34.4,22.1,103.52,-5.6,61
362,Goran Dragic,TOR,35,5,1,4,17.9,93.8,105.2,-11.5,18,9,18.4,1.9,14.8,7.4,2,44.1,52.1,17.2,102.69,12.6,192
362,Jabari Parker,BOS,26,5,2,3,11,100,117.4,-17.4,9.4,0.75,10.7,0,17.5,8.9,14.3,65,67,19.7,101.7,10,118
362,James Bouknight,CHA,21,5,2,3,1.6,35.3,110.5,-75.2,0,0,0,11.1,14.3,12.5,0,0,0,27.8,107.8,-17,17
362,Jaylen Nowell,MIN,22,5,2,3,6.5,91.5,116.9,-25.4,36.8,7,30.4,5,8.8,6.8,4.3,33.3,33.3,19,104.59,9.5,71
362,Jericho Sims,NYK,23,5,3,2,5.1,89.5,89.3,0.2,0,0,0,0,20,10.2,33.3,100,79.8,4.7,106.84,7.7,57
362,Justin Champagnie,TOR,20,5,4,1,3.3,136.8,102.9,34,5.9,0,20,15.8,21.1,18.4,0,0,25.8,8.5,105.33,3.2,38
362,Leandro Bolmaro,MIN,21,5,2,3,3.3,82.1,105,-22.9,0,0,0,4.3,14.3,9.1,33.3,20,39.6,19.6,115.96,2.2,39
362,Markus Howard,DEN,22,5,4,1,4.1,114,95.3,18.6,5.6,0.5,14.3,0,0,0,28.6,0,0,12,100.76,-6.8,43
362,Matt Thomas,CHI,27,5,4,1,2.6,67.7,124.1,-56.4,0,0,0,0,12.5,4.5,0,14.3,14.3,21.2,110.81,-4.2,31
362,Miles McBride,NYK,21,5,3,2,0.9,0,109.1,-109.1,0,0,0,0,0,0,0,0,0,36.4,120.59,-53.8,11
362,Patrick Williams,CHI,20,5,4,1,24.9,104.6,99.2,5.3,3.3,1.5,10.3,0.8,8,4.3,6.9,63,66.6,9.3,101.27,5.6,262
362,Robin Lopez,ORL,33,5,1,4,11.8,90.7,130.3,-39.6,10,1,13.6,7.5,12.1,9.6,13.6,61.5,66.6,14.1,96.39,9.1,118
362,Saben Lee,DET,22,5,0,5,7.2,114.7,106.7,8,14.8,2,21.1,0,10.3,4.9,10.5,30,39.6,17,100.05,4.7,75
362,Sam Merrill,MEM,25,5,1,4,11.1,104.3,112.3,-8,11.1,2,13.3,1.2,9.3,4.4,6.7,50,50.5,17.7,99.59,5.6,117
362,Santi Aldama,MEM,20,5,1,4,6.6,98.6,100,-1.4,15.8,0,13,8.2,12.5,9.9,0,39.5,41.8,23,99.56,8.8,69
362,Tacko Fall,CLE,25,5,2,3,3,112.1,90.9,21.2,0,0,0,8.3,30.8,20,33.3,50,50,8.1,105.59,7,33
362,Zeke Nnaji,DEN,20,5,4,1,10,124.5,102.1,22.4,0,0,0,15.6,26.7,21.1,3.4,66.7,67.2,26.4,91.44,17.4,94
384,Ben McLemore,POR,28,4,2,2,7.4,71.4,103,-31.6,9.1,0.33,5,2.6,0,1.5,15,56.7,59.8,24.7,111.58,6.8,70
384,Chris Chiozza,GSW,25,4,4,0,6.9,73.3,78.9,-5.6,27.3,1,20,3.1,8.8,6.1,20,33.3,33.3,16.9,101.91,3.8,60
384,Damian Jones,SAC,26,4,2,2,6,141.2,86,55.2,8.7,2,28.6,18.8,18.5,18.6,14.3,112.5,112.5,8.8,100.37,13.8,51
384,Elijah Hughes,UTA,23,4,3,1,2.7,75,104,-29,0,0,0,0,7.7,5.3,0,0,34.7,12.5,107.58,0,24
384,Gabriel Deck,OKC,26,4,2,2,5.4,91.8,88,3.8,9.1,1,11.1,3.4,7.1,5.3,11.1,64.3,64.3,13.6,111,13.8,49
384,Jake Layman,MIN,27,4,2,2,4.2,75.6,107.5,-31.9,0,0,0,0,8.7,4.3,12.5,35.7,35.7,17,115.26,1.4,41
384,Jay Scrubb,LAC,21,4,3,1,5.6,94.6,107.3,-12.6,16.7,0,13.3,0,7.4,3.8,0,58.3,58.2,21,119.19,11.9,56
384,Jock Landale,SAS,26,4,2,2,2.7,139.1,92,47.1,22.2,2,22.2,22.2,0,9.5,11.1,90,87,26.9,106.35,18.3,23
384,Kai Jones,CHA,20,4,2,2,1.1,22.2,80,-57.8,0,0,0,0,0,0,100,0,0,30,99.53,-28.6,9
384,Kevin Pangos,CLE,28,4,3,1,2.9,73.9,124,-50.1,0,0,0,7.7,0,4.3,25,50,50,14.8,99.84,-3.3,23
384,Mychal Mulder,ORL,27,4,0,4,3.2,110,93.3,16.7,9.1,1,11.1,11.8,5.9,8.8,11.1,21.4,21.4,22.9,111.34,-7.3,30
384,Nerlens Noel,NYK,27,4,2,2,21.2,121.7,100.6,21.2,2.9,0.4,11.1,13.1,17.6,15.4,27.8,77.8,84.8,8.1,100.63,9.9,175
384,Nic Claxton,BKN,22,4,2,2,18.9,98.8,108.9,-10.1,6,1,10,3.6,21.1,12.6,10,55,54.3,15.1,105.73,9.3,164
384,Pascal Siakam,TOR,27,4,0,4,32.2,116.9,117.1,-0.1,20.2,2.13,20.7,8,16.4,12,9.8,55.2,59.9,22.7,95.29,11.3,254
384,Quentin Grimes,NYK,21,4,3,1,4.5,107.9,146.2,-38.3,0,0,0,0,11.1,3.6,0,75,75,14.3,102.87,7.9,38
384,Sharife Cooper,ATL,20,4,4,0,2.4,75,90.9,-15.9,66.7,4,44.4,0,0,0,11.1,25,25,20,113.81,5.4,24
384,Trey Burke,DAL,29,4,1,3,7.7,86.4,77.6,8.8,30.8,1,18.2,0,5.4,3,18.2,50,58.1,25.7,103.92,15.1,66
401,Bruno Fernando,BOS,23,3,2,1,2,57.1,154.5,-97.4,33.3,0.5,33.3,0,0,0,66.7,0,0,12.5,99.45,-11.6,14
401,Dillon Brooks,MEM,25,3,1,2,26.5,105.1,99.4,5.7,18,1.29,13,2.3,10.8,6.5,10.1,52,55.7,30.5,106.03,11,175
401,Ed Davis,CLE,32,3,2,1,2.2,107.7,135.7,-28,0,0,0,0,25,9.1,100,0,0,12.5,96.02,-6.3,13
401,Enes Kanter,BOS,29,3,1,2,5.9,97.4,128.9,-31.6,0,0,0,17.4,10,14,20,50,53.3,21.7,102.21,6.4,38
401,Isaac Bonga,TOR,22,3,2,1,2.2,100,100,0,40,0,66.7,10,9.1,9.5,0,100,100,4.5,125.87,15.9,18
401,Jahmi'us Ramsey,SAC,20,3,1,2,8.8,137.9,138.6,-0.7,3.8,0,12.5,0,0,0,0,58.3,50.9,11.1,104.74,1,58
401,Jalen Smith,PHX,21,3,2,1,7.9,93.9,94.2,-0.4,0,0,0,7.1,16.7,12.1,10,37.5,48.3,17.5,102.64,8.4,49
401,Jamorko Pickett,DET,23,3,0,3,2.9,94.4,52.9,41.5,0,0,0,0,0,0,50,150,150,10.5,98.05,9.3,18
401,Jarrett Culver,MEM,22,3,1,2,6.9,109.1,95.2,13.9,13.3,0,18.2,3.4,15.8,8.3,0,64.3,70.7,16.4,100.19,20,44
401,Joshua Primo,SAS,18,3,2,1,3,131.6,147.4,-15.8,14.3,0,33.3,11.1,0,6.3,0,125,125,8.7,101.92,12.3,19
401,Kevin Knox II,NYK,22,3,2,1,2.3,43.8,133.3,-89.6,50,0.5,25,20,0,15.4,50,0,56.8,16.7,108.09,-4.7,16
401,Killian Tillie,MEM,23,3,0,3,7.1,89.4,84.8,4.6,0,0,0,8.8,10,9.3,12.5,0,0,13.6,104.22,-2.7,47
401,Malik Fitts,UTA,24,3,3,0,2.3,73.3,100,-26.7,0,0,0,0,22.2,15.4,0,0,0,0,109.19,8.5,15
401,Nathan Knight,MIN,24,3,1,2,2.1,69.2,53.3,15.9,0,0,0,0,22.2,11.8,33.3,0,113.6,20,106.67,28.6,13
401,Udoka Azubuike,UTA,22,3,2,1,1.7,100,55.6,44.4,0,0,0,0,16.7,11.1,0,100,100,12.5,80.1,23.1,8
401,Udonis Haslem,MIA,41,3,2,1,3.2,80,110,-30,0,0,0,10,12.5,11.1,0,40,40,20.8,100.17,-1.8,20
401,Vit Krejci,OKC,21,3,1,2,3,75,80,-5,0,0,0,0,37.5,12.5,25,0,34.7,15.4,104.99,8,20
401,Willy Hernangomez,NOP,27,3,0,3,4.7,100,150,-50,22.2,2,25,0,44.4,21.1,12.5,66.7,84,18.2,107.87,12.2,31
419,Aaron Wiggins,OKC,22,2,0,2,20.5,97.6,100,-2.4,14.3,0.8,23.5,0,19.4,8.3,29.4,56.3,56.3,14.1,98.55,6.5,84
419,Anthony Gill,WAS,29,2,2,0,7.2,106.1,51.6,54.4,0,0,0,14.3,0,5.4,0,100,100,2.7,106.83,7.7,33
419,Didi Louzada,NOP,22,2,0,2,3.5,92.9,113.3,-20.5,20,0,25,18.2,0,12.5,0,0,0,18.8,100.38,-3.2,14
419,Duane Washington Jr.,IND,21,2,1,1,2.2,100,154.5,-54.5,0,0,0,0,100,20,0,83.3,83.3,25,121.71,15.9,11
419,Eugene Omoruyi,DAL,24,2,0,2,5.2,85.7,73.9,11.8,33.3,0,14.3,8.3,36.4,21.7,0,62.5,60.8,25,101.38,29.4,21
419,Isaiah Jackson,IND,19,2,1,1,5.7,115,104.3,10.7,0,0,0,12.5,20,17.4,0,50,52.1,13.6,89.75,8.1,20
419,JT Thor,CHA,19,2,2,0,1,0,100,-100,0,0,0,0,0,0,0,0,0,0,109.92,0,4
419,Jeff Dowtin,GSW,24,2,2,0,2.9,84.6,100,-15.4,0,0,0,0,33.3,16.7,0,0,0,7.7,104.96,0,13
419,Jose Alvarado,NOP,23,2,0,2,3.5,92.9,113.3,-20.5,33.3,0,20,0,0,0,0,62.5,62.5,25,100.38,16.1,14
419,Marcus Garrett,MIA,23,2,2,0,3.5,100,73.3,26.7,33.3,0,66.7,0,0,0,0,0,0,6.7,103.35,0,15
419,Marcus Morris Sr.,LAC,32,2,0,2,27.4,116.7,139.3,-22.6,2.3,1,4.8,0,2.1,0.9,4.8,47.2,50.3,15.4,101.11,1.3,114
419,Marvin Bagley III,SAC,22,2,1,1,14.1,121.7,100,21.7,0,0,0,3.6,18.2,11.5,15.4,40.9,40.9,18.8,104.01,4,60
419,Sekou Doumbouya,LAL,20,2,0,2,8.2,108.3,40.5,67.8,0,0,0,11.1,18.2,15,16.7,68.8,71.7,28.6,106.94,37.6,36
419,Serge Ibaka,LAC,32,2,2,0,6.9,103.4,76.7,26.8,9.1,1,14.3,0,21.1,12.1,14.3,0,0,20,102.4,-13.8,29
419,Talen Horton-Tucker,LAL,20,2,1,1,32.1,109.8,105.7,4.1,7.3,1,7,0,15.9,8.2,7,56.1,61.6,25.2,105.73,13.2,143
434,Aaron Henry,PHI,22,1,1,0,2.1,40,160,-120,0,0,0,0,0,0,0,0,0,14.3,116.13,-10,5
434,Brook Lopez,MIL,33,1,1,0,28.2,117.2,115.3,2,0,0,0,5.7,12,8.3,0,44.4,44.4,12.9,99.69,4.4,58
434,Chandler Hutchison,PHX,25,1,0,1,6.4,100,62.5,37.5,0,0,0,0,18.2,11.1,66.7,100,100,18.8,115.95,4.9,15
434,Coby White,CHI,21,1,1,0,11,62.5,125,-62.5,0,0,0,0,14.3,5.3,0,0,0,7.7,105.14,-2.7,24
434,David Johnson,TOR,20,1,1,0,0.5,0,300,-300,0,0,0,0,0,0,0,0,0,0,153.74,0,2
434,DeJon Jarreau,IND,23,1,0,1,0.9,200,100,100,0,0,0,0,0,0,0,0,0,0,111.41,0,2
434,Garrison Mathews,HOU,25,1,0,1,14.6,125.8,110,15.8,9.1,0,16.7,5,0,2.9,0,62.5,65.8,13.2,100.27,6.3,31
434,Isaiah Todd,WAS,20,1,0,1,4.5,100,66.7,33.3,0,0,0,0,20,11.1,0,75,69.4,33.3,90.67,33.3,8
434,JaQuori McLaughlin,DAL,23,1,0,1,1.7,100,50,50,100,0,100,0,0,0,0,0,0,0,96.92,15.4,3
434,Jaden Springer,PHI,19,1,1,0,2.1,40,160,-120,0,0,0,0,0,0,0,0,0,0,116.13,0,5
434,Jay Huff,LAL,24,1,0,1,8.1,122.2,27.8,94.4,12.5,0,50,14.3,8.3,10.5,0,0,0,5,107.33,7.1,18
434,Joe Wieskamp,SAS,22,1,1,0,3.2,150,250,-100,0,0,0,0,0,0,0,150,150,12.5,89.07,12.2,6
434,Joel Ayayi,WAS,21,1,0,1,3.5,83.3,57.1,26.2,0,0,0,0,0,0,0,0,0,0,89.14,0,6
434,Keon Johnson,LAC,19,1,1,0,0.7,0,0,0,0,0,0,0,0,0,0,0,0,0,70.24,0,1
434,Kessler Edwards,BKN,21,1,0,1,9.1,90.5,50,40.5,0,0,0,8.3,20,13.6,14.3,66.7,66.7,28,108.53,26.5,21
434,McKinley Wright IV,MIN,23,1,1,0,4.1,90,166.7,-76.7,0,0,0,0,0,0,50,150,150,18.2,110.32,8,10
434,Petr Cornelie,DEN,26,1,0,1,2.7,116.7,40,76.7,0,0,0,0,0,0,0,0,0,0,96.59,0,6
434,RJ Nembhard Jr.,CLE,22,1,0,1,1.9,100,40,60,100,0,50,0,0,0,0,100,100,16.7,128.57,40,5
434,Sam Dekker,TOR,27,1,1,0,0.9,0,250,-250,0,0,0,0,0,0,0,0,0,0,105.88,0,2
434,Trendon Watford,POR,21,1,0,1,6.7,85.7,115.4,-29.7,66.7,0,50,0,0,0,0,50,50,12.5,96.24,13.3,14
434,Tyler Cook,CHI,24,1,0,1,12,124,132,-8,20,2,28.6,0,20,11.8,14.3,66.7,77.3,18.5,100,10.7,25
434,Vernon Carey Jr.,CHA,20,1,1,0,0.8,0,0,0,0,0,0,0,100,50,0,0,0,100,90.19,0,1
434,Wayne Selden,NYK,27,1,1,0,1,0,66.7,-66.7,0,0,0,0,0,0,0,0,0,0,147.95,0,3
434,Yves Pons,MEM,22,1,0,1,2.8,33.3,100,-66.7,0,0,0,14.3,0,11.1,0,0,0,11.1,96,-8.3,6