,PLAYER,TEAM,AGE,GP,W,L,MIN,PTS,FGM,FGA,FG%,3PM,3PA,3P%,FTM,FTA,FT%,OREB,DREB,REB,AST,TOV,STL,BLK,PF,FP,DD2,TD3,+/-
1,Kevin Durant,BKN,33,15,10,5,34.5,28.9,10.7,18.8,56.7,2,4.8,41.7,5.6,6.7,84,0.5,7.7,8.1,5,3.1,0.5,0.5,1.2,46.3,6,1,3.7
2,Stephen Curry,GSW,33,14,12,2,33.5,28.7,9.2,20.3,45.4,5.4,13.4,40.6,4.9,5.1,95.8,0.7,5.6,6.3,6.6,3.2,1.7,0.7,1.7,50.2,5,1,13.9
3,Paul George,LAC,31,14,9,5,35,27,9.8,21.9,44.6,3,8.6,34.7,4.4,4.9,89.9,0.6,7.6,8.2,5.1,4.4,2.2,0.4,2.6,48,5,0,4
4,DeMar DeRozan,CHI,32,14,10,4,35.3,26.9,9.6,18.8,51,0.9,2.5,37.1,6.9,7.9,87.3,0.8,4.6,5.4,4.1,1.9,0.9,0.4,2.3,41.6,1,0,8.5
5,Giannis Antetokounmpo,MIL,26,13,6,7,32.9,26.5,9.5,19.3,49,1.3,4.7,27.9,6.3,9.3,67.8,1.8,9.5,11.3,6,3,1.1,1.7,3.2,54.4,8,0,5
6,Nikola Jokic,DEN,26,13,8,5,32.2,26.1,10.3,17.4,59.3,1.7,4.4,38.6,3.8,5.1,74.2,2.8,11,13.8,6.3,3.4,1.3,0.9,2.9,55.5,10,2,9.6
7,Zach LaVine,CHI,26,14,10,4,35.1,25.9,9.4,19.4,48.7,2.6,7,37.8,4.4,5,88.6,0.5,5.1,5.6,3.8,2.9,0.5,0.3,1.6,37.9,0,0,3.7
8,Ja Morant,MEM,22,14,7,7,34.4,25.9,9.8,19.9,49.3,1.9,4.9,38.2,4.4,5.7,77.5,1.3,5.1,6.4,7.3,3.6,1.6,0.3,1.4,46.6,4,0,-2.7
9,Jaylen Brown,BOS,25,8,3,5,36.5,25.6,9.4,19,49.3,2.9,7.3,39.7,4,5.1,78,0.4,5.8,6.1,2.5,2.9,1.3,0.5,3.1,39.1,0,0,5.8
10,Trae Young,ATL,23,15,6,9,34.1,25.5,9.1,20.3,45.1,2.6,6.7,39,4.7,5.3,88.6,0.6,3.1,3.7,9.1,3.9,0.9,0.1,1.8,42.7,6,0,-0.4
11,Brandon Ingram,NOP,24,8,2,6,35.5,25,9.8,21.6,45.1,2.3,5.1,43.9,3.3,4,81.3,0.8,5.8,6.5,4.6,3.3,0.3,0.5,2.6,38.7,0,0,-4.3
12,Luka Doncic,DAL,22,13,9,4,34.8,24.9,9.3,21.5,43.4,2.5,8,30.8,3.8,5.7,67.6,0.7,7.6,8.3,7.9,4.2,1.3,0.6,2.2,48.4,8,1,-6.6
13,LeBron James,LAL,36,6,4,2,37.1,24.8,9.5,20.3,46.7,2.8,8.2,34.7,3,3.8,78.3,0.5,5,5.5,7,4.2,2.3,0.8,2.3,47.3,2,0,2.5
14,Donovan Mitchell,UTA,25,13,8,5,32.1,24.6,9.2,20.9,43.8,3.2,9.8,32,3.2,3.7,85.4,1.1,3.2,4.3,4.9,2.6,1.8,0.2,2.8,40.8,0,0,8.8
15,Anthony Davis,LAL,28,15,8,7,34.5,24.2,9.5,18.7,51.1,0.4,2,20,4.7,6.2,76.3,3.6,7.3,10.9,2.9,2.4,1.2,2.1,2.1,49,8,0,-4.6
16,Jimmy Butler,MIA,32,11,7,4,33,23.6,8,15.2,52.7,0.5,1.5,29.4,7.2,8.5,84.9,1.7,3.7,5.5,5.1,1.9,2.1,0.4,2,43.3,2,0,4.3
17,Jayson Tatum,BOS,23,14,7,7,37.3,23.5,8.6,22.2,38.6,2.6,8.1,31.6,3.8,4.9,76.8,1,7.4,8.4,3.4,2.7,0.9,0.9,2.7,41.4,5,0,3.8
18,Bradley Beal,WAS,28,10,7,3,36,23.3,8.8,21.6,40.7,1.6,6.4,25,4.1,4.2,97.6,0.8,4.7,5.5,5.6,4,1.2,0.5,2,39.4,1,0,3.2
19,Karl-Anthony Towns,MIN,26,13,4,9,35.3,23.2,8,16.4,48.8,3.2,7.1,45.7,3.9,4.5,86.4,3.2,6.4,9.6,3.3,3.5,1.6,1.1,3.4,44.2,7,0,-2.2
20,Anthony Edwards,MIN,20,13,4,9,36.3,22.9,8.5,20.5,41.6,2.9,8.9,32.8,2.9,3.9,74.5,1.8,5,6.8,3.5,3.7,1.4,0.6,2.3,38.6,2,0,-1
20,Devin Booker,PHX,25,13,10,3,32.8,22.9,8.2,19.1,43.1,2.2,6.2,36.3,4.2,5,84.6,1.1,4.9,6,5.5,2.8,1.2,0.2,2.6,39.7,0,0,6.5
22,Talen Horton-Tucker,LAL,20,2,1,1,32.1,22.5,8,16.5,48.5,2.5,7,35.7,4,4,100,0,5,5,1.5,1.5,1,0.5,2,33.8,0,0,4.5
23,Malcolm Brogdon,IND,28,10,4,6,36.7,22.4,8.2,18.4,44.6,1.6,5.7,28.1,4.4,5,88,1.3,6,7.3,6.8,2.8,0.7,0.7,1.9,42.8,3,1,-0.2
24,Tyler Herro,MIA,21,14,9,5,33.6,21.9,8.4,18.1,46.1,2.8,7.1,39.4,2.4,2.7,86.8,0.7,5,5.7,3.9,2.6,0.5,0,1.4,33.4,1,0,5.1
25,Shai Gilgeous-Alexander,OKC,23,13,5,8,34.7,21.6,7.5,17.5,42.5,2.3,6.6,34.9,4.4,5.3,82.6,0.5,4.5,5,4.2,2.6,0.9,0.5,2.1,35.5,0,0,-5.5
26,Miles Bridges,CHA,23,15,8,7,36.6,21.5,7.7,17.3,44.8,2.5,7.5,33.9,3.5,4.7,75.7,1.5,5.9,7.3,3.5,1.6,1.7,0.9,2.7,41.5,1,0,3.5
27,Joel Embiid,PHI,27,9,7,2,30.9,21.4,6.7,15.3,43.5,1.4,3.7,39.4,6.7,8.6,77.9,1.8,7.8,9.6,4,3,0.9,1.4,2.2,42.9,2,0,6
28,CJ McCollum,POR,30,15,7,8,34.9,21.3,8.1,18.8,43.3,3.5,8.7,40,1.5,2.1,74.2,1,3.2,4.2,4.3,2.1,1.1,0.9,2.1,36.6,0,0,-0.1
29,Harrison Barnes,SAC,29,14,6,8,36,20.9,6.5,13.1,49.7,2.4,5.6,42.3,5.6,6.5,85.7,1.6,6.6,8.1,2.3,1.9,1.1,0.1,1.3,35.7,4,0,-1.2
30,Damian Lillard,POR,31,14,7,7,35.5,20.3,7.5,19.4,38.7,2.6,9.2,27.9,2.7,3.2,84.4,0.4,3.9,4.3,8.1,2.5,0.7,0.2,1.5,37.8,4,0,1.3
30,Julius Randle,NYK,26,14,8,6,35.6,20.3,7.2,17.4,41.4,2.1,6,34.5,3.8,5,75.7,1.9,8.4,10.4,5.1,3.3,0.6,0.9,2.6,41.9,8,0,-3.3
32,Tobias Harris,PHI,29,9,4,5,33,20.2,8,15.9,50.3,1.4,4.2,34.2,2.8,3,92.6,1.2,7.2,8.4,4.4,1.9,0.1,0.6,1.6,37.1,3,0,-0.7
33,Cole Anthony,ORL,21,14,3,11,34.1,20.2,6.9,15.6,43.8,3.1,7.8,39.4,3.4,4,85.7,0.5,6.1,6.6,5.6,3.1,1.2,0.3,2.6,37.9,3,0,-0.6
34,OG Anunoby,TOR,24,15,7,8,37.3,20.1,7.6,17.7,43,2.7,7.5,36.6,2.2,2.7,82.5,1.6,3.8,5.4,2.7,1.7,1.5,0.6,2.7,35.4,1,0,0
35,Khris Middleton,MIL,30,6,3,3,31.5,20,7.3,17,43.1,1.5,5.8,25.7,3.8,4.5,85.2,0.5,4.2,4.7,4.5,3.5,2,0.2,2.2,35.4,0,0,-2.8
36,James Harden,BKN,32,15,10,5,34.2,19.8,5.9,13.9,42.8,2.9,7.5,38.9,5,5.8,86.2,1,6.4,7.4,8.9,4.9,1.1,0.7,2.3,42.8,7,3,1.2
37,De'Aaron Fox,SAC,23,14,6,8,35.3,19.8,7.4,18.1,41.1,1.1,4.6,23.1,3.9,5.4,71.1,0.8,3,3.8,6.3,3.1,1.5,0.6,3.1,36.8,1,0,-0.5
38,Bam Adebayo,MIA,24,12,7,5,33.1,19.7,7,13.9,50.3,0,0,0,5.7,6.8,84,2.4,8.8,11.2,2.7,3,1.4,0.5,3.1,39.8,8,0,2.8
38,Dillon Brooks,MEM,25,3,1,2,26.5,19.7,7.3,16.3,44.9,2.3,5,46.7,2.7,3,88.9,0.7,3,3.7,3,2.3,1.3,0,3.3,30.2,0,0,3
40,Fred VanVleet,TOR,27,14,7,7,38.8,19.4,7.1,16.2,43.6,3.1,7.8,40.4,2.1,2.6,83.3,0.8,4.4,5.1,7.1,2.9,1.6,0.5,2.1,39.5,2,0,2.9
41,Jonas Valanciunas,NOP,29,15,2,13,33.9,19.4,7.3,14.3,50.9,1.1,1.8,59.3,3.8,4.3,87.7,3.3,9.9,13.2,2.7,2.1,0.7,1,3.3,42.3,11,0,-3.9
41,Russell Westbrook,LAL,33,15,8,7,35.5,19.4,7.4,17.3,42.7,1.3,4.3,29.2,3.3,4.9,68.5,1.3,7.4,8.7,8.3,5.3,1.3,0.2,3.2,41.6,7,3,-4.7
43,LaMelo Ball,CHA,20,15,8,7,32.2,19.3,7.2,16.7,43,2.7,7.1,38.7,2.2,2.4,91.7,1.4,6.1,7.5,7.1,2.9,2.1,0.4,3.3,43.5,3,1,1.6
44,Kristaps Porzingis,DAL,26,8,6,2,28.9,19.3,7,15.9,44.1,2.1,6,35.4,3.1,3.8,83.3,2.4,5.5,7.9,1.4,1.5,0.8,1.5,2.5,36,3,0,-5.3
45,Dejounte Murray,SAS,25,14,4,10,34.6,18.9,8.1,17.6,45.9,1.3,3.9,33.3,1.5,2.2,67.7,0.6,7.5,8.1,8.1,2.4,2.1,0.4,2,46.2,5,2,2.1
46,Domantas Sabonis,IND,25,15,6,9,36,18.5,7.5,13.1,57.7,0.9,3.1,30.4,2.5,3.6,68.5,3.1,8.5,11.5,3.9,3,1.3,0.3,3.5,40.1,10,0,1
47,Gordon Hayward,CHA,31,15,8,7,35.3,18.3,6.5,13.6,48,2.1,4.8,44.4,3.1,3.5,86.8,0.7,4.1,4.9,3.7,2.3,0.7,0.3,1.7,30.3,1,0,-0.8
48,Andrew Wiggins,GSW,26,14,12,2,29.1,18.1,6.8,13.9,48.7,1.8,5.1,35.2,2.7,3.4,79.2,1.1,3.3,4.4,1.5,1.6,0.9,0.4,1.7,27.7,0,0,5.6
48,Reggie Jackson,LAC,31,14,9,5,34.5,18.1,6.8,17.4,38.9,3.1,9.4,33.3,1.4,1.5,90.5,0.7,2.8,3.5,4.1,1.7,0.6,0.1,1.6,29,0,0,5
50,Montrezl Harrell,WAS,27,13,10,3,28.5,18,6.5,10.2,63.6,0.1,0.5,16.7,5,6.2,81.3,2.2,6.3,8.5,2.5,1.2,0.6,1,2.2,35.5,5,0,6.8
51,Jerami Grant,DET,27,12,3,9,32.2,17.9,6.2,15.1,40.9,1.8,5.3,33.3,3.8,4.6,83.6,1.1,3.3,4.4,2.5,2.1,1.1,1.2,2,31.6,0,0,-9.2
52,D'Angelo Russell,MIN,25,11,4,7,31.1,17.8,6.5,16.8,38.4,2.9,8.5,34,2,2.4,84.6,0.1,3.4,3.5,5.5,2.6,0.9,0.6,2.3,32.1,0,0,3.7
53,Bojan Bogdanovic,UTA,32,14,9,5,30.3,17.7,5.8,12.9,44.8,2.2,5.9,37.8,3.9,4.2,93.2,0.9,3.4,4.4,1.5,1.4,0.4,0,1.3,25.1,0,0,6.7
54,Tyrese Maxey,PHI,21,15,8,7,35.8,17.5,6.9,13.3,51.8,1.4,3.3,42,2.3,2.7,87.5,0.4,3.3,3.7,4.4,1.4,0.7,0.6,2.4,31.1,0,0,1.8
55,Dennis Schroder,BOS,28,14,7,7,33,17.1,6.1,14.1,43.7,1.5,4.5,33.3,3.4,3.8,88.7,0.9,3.1,4,5.2,2.9,1.1,0.1,2.3,30.3,0,0,2.4
55,Jordan Poole,GSW,22,14,12,2,29.6,17.1,6.4,14.7,43.2,2.4,8.1,28.9,2.1,2.2,93.5,0.2,2.5,2.7,3.3,2.6,1.4,0.3,2.6,27.7,0,0,5
57,Buddy Hield,SAC,28,14,6,8,28.5,17.1,5.9,13.9,42.1,4.3,10.5,40.8,1.1,1.3,83.3,0.8,3.7,4.5,2.1,1.8,0.9,0.3,2.3,27.2,0,0,1.5
58,Pascal Siakam,TOR,27,4,0,4,32.2,17,6,12,50,1.3,3.3,38.5,3.8,5,75,2.5,4.8,7.3,4.3,2,1,0.8,4.3,35.3,1,0,-1.3
58,Spencer Dinwiddie,WAS,28,12,9,3,30,17,6,14,42.9,2.2,5.8,37.7,2.8,3,94.4,0.8,4.7,5.5,6,1.8,0.4,0.3,2.3,32.9,3,0,1
60,John Collins,ATL,24,15,6,9,31.7,16.9,6.6,11.7,56.3,1.1,2.9,37.2,2.7,3.5,76.9,2,6,8,2.2,1.1,0.7,0.9,2.8,33.8,4,0,1.5
61,Darius Garland,CLE,21,13,8,5,33.8,16.8,6.1,12.7,47.9,2.6,6.5,40.5,2,2.3,86.7,0.2,2.1,2.2,6.7,3.7,1.2,0.1,1.3,29.7,3,0,3.5
62,Norman Powell,POR,28,13,6,7,28.6,16.7,5.8,11.8,49,2,4.8,41.9,3.2,3.9,80.4,0.5,2.3,2.8,1.5,1,0.8,0.5,1.8,25.1,0,0,0.5
63,Christian Wood,HOU,26,14,1,13,32.9,16.5,6.3,13.7,45.8,1.7,5.1,33.3,2.2,4.1,53.4,1.8,9.1,10.9,2.2,1.9,0.7,0.7,2.4,35.3,6,0,-8.2
64,Caris LeVert,IND,27,7,4,3,27.3,16.4,6.4,16.3,39.5,1,4.7,21.2,2.6,3.6,72,0.6,2.3,2.9,3.9,1.7,1,0.7,2.1,29.1,0,0,6.4
65,Will Barton,DEN,30,12,8,4,33.5,16.4,6.5,13.8,47,2.4,6,40.3,1,1.3,75,0.5,4.2,4.7,4.1,1.6,1.3,0.6,1.1,32.1,0,0,6.4
66,Scottie Barnes,TOR,20,13,5,8,35.5,16.3,6.8,13.2,51.2,0.2,0.8,18.2,2.6,3.3,79.1,2.8,5.5,8.3,2.8,2.2,1,0.6,2.7,33,2,0,0.1
67,Gary Trent Jr.,TOR,22,15,7,8,34.6,16.1,6.1,14.3,42.8,2.3,6.7,35,1.5,1.7,88.5,0.5,2.9,3.4,1.6,1.1,2.5,0.4,2.2,30.1,0,0,0.8
68,Collin Sexton,CLE,22,11,7,4,28.8,16,6.2,13.7,45,1,4.1,24.4,2.6,3.5,74.4,1.2,2.1,3.3,2.1,2.8,0.9,0,2.3,23,0,0,-2.7
68,Grayson Allen,MIL,26,14,6,8,29.9,16,5.3,11.7,45.1,3.8,8.6,43.8,1.6,1.8,92,0.6,3.3,3.9,1.4,0.7,0.9,0.4,1.9,25.7,0,0,2.7
70,Luguentz Dort,OKC,22,12,5,7,32.2,15.8,5.4,12.6,43,1.8,6.5,28.2,3.1,3.5,88.1,0.8,3.3,4.1,1.8,1.8,0.9,0.3,2.8,25.1,0,0,-7.3
71,Keldon Johnson,SAS,22,14,4,10,31,15.6,6.2,13.8,45.1,1.1,3,35.7,2.1,3.2,66.7,1.1,5.3,6.4,2.1,1.5,1.1,0.3,1.8,29.4,1,0,-1.4
72,Devonte' Graham,NOP,26,15,2,13,32.2,15.6,5.2,13.5,38.6,2.9,8.3,35.5,2.3,2.9,77.3,0.7,2.1,2.8,5.2,2.1,1.3,0.2,1.4,29,0,0,-0.5
73,Carmelo Anthony,LAL,37,15,8,7,28.8,15.5,5.5,11.8,46.9,2.9,6.3,45.3,1.6,2.1,77.4,0.5,3.5,4,0.9,0.8,0.9,0.8,2.2,25.9,0,0,-1
74,RJ Barrett,NYK,21,14,8,6,33.3,15.5,5.7,14,40.8,2,5.8,34.6,2.1,2.9,70.7,0.6,4.9,5.6,2.2,2,0.4,0.4,2.4,25.7,1,0,-3.3
75,Jordan Clarkson,UTA,29,14,9,5,25.4,15.4,5.5,15.3,36,2.4,9.7,25,2,2.2,90.3,0.6,2.4,3,1.7,1.8,0.8,0.3,1.6,23,0,0,5.4
75,Seth Curry,PHI,31,14,8,6,32.9,15.4,5.6,10.7,52,2.4,5.1,46.5,1.9,2.1,93.1,0.4,2.6,3.1,2.5,1.7,0.7,0.1,1.7,23.7,0,0,2.6
77,Deandre Ayton,PHX,23,7,4,3,29.7,15.3,6.9,11.3,60.8,0.1,0.6,25,1.4,2.3,62.5,3.4,8,11.4,1.1,1.4,1.1,0.6,2.9,34.4,4,0,0.1
78,Terry Rozier,CHA,27,10,5,5,32,15.2,5.6,14.8,37.8,2,7.1,28.2,2,2.2,90.9,0.7,2.7,3.4,2.9,1.9,1,0.4,1.2,25.9,0,0,-0.3
79,Jalen Brunson,DAL,25,13,9,4,29.1,15.1,5.8,11.5,50.7,1.2,3.4,34.1,2.2,2.8,78.4,0.5,3.9,4.4,4.7,1.3,0.7,0.1,1.8,28.4,2,0,6.3
80,Nickeil Alexander-Walker,NOP,23,15,2,13,31,15,5.6,14.9,37.7,2.1,7.5,27.7,1.7,2.3,76.5,1.2,3.4,4.6,2.6,1.6,1.2,0.5,1.7,27.8,2,0,-3.9
81,Rudy Gobert,UTA,29,14,9,5,30.9,14.9,5.1,7.3,70.6,0,0,0,4.6,7.1,65.7,3,12.4,15.4,0.9,2,1.1,1.9,2.6,41.5,11,0,3.4
82,Chris Paul,PHX,36,13,10,3,31.8,14.7,5.2,10.7,48.9,1.1,2.8,37.8,3.2,3.7,85.4,0.5,3.7,4.2,10.2,2.4,2.6,0.5,1.9,41.9,6,0,4.5
83,Ricky Rubio,CLE,31,15,9,6,28.8,14.7,4.9,12.8,38.5,2.1,5.5,39,2.7,3,88.9,0.5,3.4,3.9,6.5,2.9,1.4,0.1,2.2,30.8,3,0,4.3
84,Evan Mobley,CLE,20,15,9,6,33.8,14.6,5.8,11.7,49.4,0.5,1.7,30.8,2.5,3.2,77.1,1.7,6.3,8,2.5,1.8,1,1.6,2,33.9,4,0,2.3
85,Tim Hardaway Jr.,DAL,29,13,9,4,31.9,14.5,5,11.9,41.9,2.7,7.3,36.8,1.8,2.5,75,0.2,3.8,3.9,2.4,0.5,0.8,0.1,1.8,24.8,0,0,-2
86,Kyle Kuzma,WAS,26,13,10,3,33.1,14.5,5.4,12.8,41.9,2.5,6.8,37.1,1.2,2.2,51.7,0.9,8.2,9.1,1.9,1.8,0.7,0.7,2.2,30.5,5,0,0.2
87,Richaun Holmes,SAC,28,14,6,8,27.3,14.4,6,8.7,68.9,0.1,0.2,66.7,2.3,2.6,86.5,2.9,8,10.9,1.4,1.9,0.4,1.1,3.2,32.4,7,0,1.1
88,Chris Duarte,IND,24,14,6,8,32.1,14.3,5.6,12.9,43.1,2.2,5.5,40.3,0.9,1.2,76.5,0.6,3.9,4.4,2.1,1.7,0.9,0.1,2,24.1,0,0,2.4
88,Desmond Bane,MEM,23,14,7,7,28.7,14.3,5.5,12.6,43.8,2.2,6.7,33,1.1,1.1,93.8,0.5,3.3,3.8,2.1,1.4,0.7,0.3,2.4,23.5,0,0,1.1
90,Jrue Holiday,MIL,31,8,4,4,28.8,14.3,5.6,14,40.2,1.8,5.4,32.6,1.3,1.5,83.3,0.5,3.3,3.8,5.8,2.8,1.3,0.4,1.6,29.5,1,0,0.4
91,Jarrett Allen,CLE,23,14,9,5,32.3,14.2,6,8.6,69.4,0.1,0.2,33.3,2.1,3.6,58.8,3.1,7.9,10.9,1.7,1.9,1.2,0.9,1.8,34.4,7,0,-1.5
92,Jaren Jackson Jr.,MEM,22,14,7,7,26.5,14,4.8,12.5,38.3,2.1,6.2,34.5,2.3,2.6,88.9,1.1,4.6,5.7,1.1,1.6,0.9,1.9,3.2,29.5,0,0,2.4
92,Mikal Bridges,PHX,25,13,10,3,32.8,14,5.8,10.6,54.3,1.5,3.8,40,0.9,1.2,75,0.5,2.9,3.5,1.5,0.8,0.8,0.7,2.2,24,0,0,7.8
92,Saddiq Bey,DET,22,13,3,10,32.5,14,5.2,13.7,37.6,1.8,6.3,29.3,1.8,2.4,77.4,2.3,4.5,6.8,3.1,1.3,1.2,0.2,1.4,29.7,1,0,-7.2
95,Jalen Green,HOU,19,14,1,13,31.9,13.9,4.9,13.5,36,1.9,6.8,27.4,2.4,3,78.6,0.4,3,3.4,2.6,3.1,0.7,0.3,1.8,21.8,0,0,-14.1
96,Kelly Oubre Jr.,CHA,25,15,8,7,26.1,13.9,5.1,11.7,43.2,2.5,6.5,38.8,1.2,1.8,66.7,1.3,2.9,4.2,1.1,1,0.8,0.1,2.5,22.4,0,0,-2.9
96,Myles Turner,IND,25,15,6,9,29,13.9,4.9,8.9,54.5,2.1,4.8,43.1,2.1,3,68.9,1.5,6.2,7.7,1.1,1.7,0.7,3.3,2.7,34.9,4,0,2.3
98,Jakob Poeltl,SAS,26,7,2,5,29.9,13.9,6.6,10.1,64.8,0,0,0,0.7,1.9,38.5,5.1,4.6,9.7,2.6,1.7,0.9,1.1,3,33.7,3,0,-3
99,Mike Conley,UTA,34,12,9,3,28.4,13.8,4.9,10.3,47.6,2.7,6.2,43.2,1.3,1.6,84.2,0.3,1.7,1.9,5.6,1.6,1.3,0.3,2,27.4,1,0,4.6
100,Wendell Carter Jr.,ORL,22,14,3,11,29,13.7,5.4,10.3,52.1,1.8,3.9,46.3,1.2,1.9,65.4,2.4,7.4,9.9,2.4,1.6,0.7,0.7,2.7,31.7,7,0,-1
101,Nikola Vucevic,CHI,31,11,8,3,34.1,13.6,5.6,14.3,39.5,1.1,4.1,26.7,1.3,1.7,73.7,1.7,9.2,10.9,4.3,1.5,1.2,0.9,2.1,38,7,0,4.5
102,Bobby Portis,MIL,26,9,3,6,27.1,13.4,5.6,12.3,45,1.3,3.9,34.3,1,1.4,69.2,2.3,5,7.3,1.3,1.6,0.8,0.9,2.7,27.7,2,0,-3.7
103,Franz Wagner,ORL,20,14,3,11,32.2,13.4,5.2,11.7,44.5,1.6,4.4,37.1,1.4,1.8,76,1.3,2.6,3.9,1.9,1.1,1.4,0.6,2.5,25.7,0,0,-3.3
104,Tyrese Haliburton,SAC,21,12,6,6,33,13.4,5.3,11.3,47.1,1.5,3.7,40.9,1.3,1.5,83.3,0.8,2.9,3.8,5.6,1.7,1.4,1.1,1.1,32.1,1,0,0.3
105,Cade Cunningham,DET,20,8,3,5,30,13.4,4.9,14,34.8,2,7.3,27.6,1.6,1.8,92.9,1.4,4.1,5.5,3.6,3.6,1,0.4,2.3,25.9,1,0,-6.1
106,Al Horford,BOS,35,11,6,5,29.3,13.1,4.9,10.9,45,1.3,4.5,28,2,2.2,91.7,1.5,7.4,8.8,3.3,1.3,0.8,2.3,2.1,36.6,5,0,1.3
106,Eric Gordon,HOU,32,11,1,10,27.2,13.1,4.5,9.4,48.5,2.1,4.5,46,1.9,2.7,70,0.2,1.9,2.1,1.7,1.9,0.7,0.5,1.1,20.1,0,0,-1.6
108,Derrick Rose,NYK,33,14,8,6,22.8,12.9,5.1,10.9,47.4,1.6,3.7,44.2,1,1.1,93.3,0.8,2.2,3,3.5,1.3,1,0.3,0.4,24.4,0,0,9.4
108,Lonzo Ball,CHI,24,14,10,4,35.1,12.9,4.7,11.4,41.5,3.1,7.1,44.4,0.4,0.4,83.3,0.9,4.5,5.4,4.6,2.4,1.9,0.7,2.2,31.7,1,1,7.6
110,Lauri Markkanen,CLE,24,8,4,4,30.7,12.9,4.4,12.1,36.1,1.8,6.3,28,2.4,2.8,86.4,1.3,4.6,5.9,1.5,0.9,1.3,0.9,1.3,27.7,0,0,-2
111,Kemba Walker,NYK,31,13,8,5,25.7,12.8,4.7,10.5,44.5,2.4,5.6,42.5,1,1.3,76.5,0.2,2.5,2.6,3,1.3,1.2,0.2,1,23.3,0,0,-8
112,Evan Fournier,NYK,29,14,8,6,28.8,12.7,4.6,11.4,40.9,2.3,6.4,35.6,1.1,1.5,76.2,0.6,2.6,3.2,2,1.2,1,0.3,1.6,22.2,0,0,-3.3
112,Kevin Porter Jr.,HOU,21,14,1,13,30.8,12.7,4.4,12.2,36.3,1.7,5.6,30.8,2.1,3.4,63.8,1,3.1,4.1,5.1,4.2,1.3,0.4,2.6,26.2,1,0,-6.7
114,Kyle Lowry,MIA,35,13,9,4,34.3,12.7,4.5,10.5,42.3,2.1,6.3,32.9,1.7,1.8,91.7,0.5,4.5,5,7.3,3.1,1.2,0.2,2.6,31,3,1,4.3
115,Aaron Gordon,DEN,26,14,9,5,30.7,12.6,4.9,9.9,50,1,3,33.3,1.7,2.3,75,1.9,3.9,5.9,1.9,1.6,0.5,0.9,2.2,25,1,0,9.6
116,Kelly Olynyk,DET,30,10,2,8,23,12.5,4.5,9.8,45.9,1.4,4.1,34.1,2.1,3.5,60,1.3,4,5.3,2.3,1.5,1.4,0.7,2.7,27.1,1,0,-3.7
117,Shake Milton,PHI,25,11,6,5,25.6,12.5,4.8,10.8,44.5,0.7,2.9,25,2.1,2.4,88.5,0.6,2.5,3.2,3.2,1.2,0.5,0.2,2.4,22,0,0,-3.8
118,Bogdan Bogdanovic,ATL,29,14,6,8,29.7,12.3,4.7,10.4,45.5,2.1,5.5,39,0.7,0.9,83.3,0.5,3.1,3.6,2.4,1.1,0.7,0.1,2.1,21.6,0,0,-2.1
119,Devin Vassell,SAS,21,14,4,10,25.9,12.1,4.5,9.8,46,1.9,4.8,40.3,1.1,1.6,72.7,0.5,3.5,4,1.5,0.9,1.1,0.7,2.3,23.8,0,0,2.5
120,LaMarcus Aldridge,BKN,36,14,9,5,19.7,12,4.9,8.5,58,0.6,1.4,47.4,1.5,2,75,1.3,4.1,5.4,0.9,0.7,0.4,1.1,1.7,23.6,0,0,3.1
121,Anfernee Simons,POR,22,15,7,8,22.5,11.9,4.6,10.1,45.7,2.1,5.5,37.3,0.7,0.7,100,0.6,1.9,2.5,2.1,1,0.4,0.1,1.3,18.6,0,0,1.4
122,Georges Niang,PHI,28,15,8,7,23.6,11.7,4.1,9.3,43.9,2.2,5.6,39.3,1.3,1.5,90.9,0.3,2.1,2.4,1.6,0.7,0.9,0.2,2.6,19.5,0,0,2.3
123,Duncan Robinson,MIA,27,14,9,5,30,11.6,4,10.9,36.8,3.2,9.4,34.1,0.4,0.6,62.5,0.4,3.9,4.3,1.6,0.9,0.7,0.4,3.3,21.6,0,0,5
124,Derrick White,SAS,27,14,4,10,30.8,11.4,4.2,10.6,39.9,1.4,4.6,30.8,1.5,1.9,77.8,0.3,2.9,3.1,5.4,1.7,1.1,0.9,2.4,27.5,1,0,-4.3
124,Furkan Korkmaz,PHI,24,14,7,7,26.1,11.4,4,10.4,38.6,2.2,6.5,34.1,1.1,1.3,88.9,0.4,2.6,3,2.9,1,0.6,0.2,0.6,20.8,0,0,-0.5
124,Mo Bamba,ORL,23,14,3,11,30.5,11.4,4.3,9.4,45.5,1.6,4.4,35.5,1.2,1.7,70.8,2.6,6.7,9.4,2.1,1.6,1.1,2.2,3,34,5,0,-5.7
124,Monte Morris,DEN,26,14,9,5,29.7,11.4,5,10.7,46.7,1.1,3.9,29.6,0.2,0.4,50,0.4,2.4,2.8,4.1,1.4,0.9,0.1,1.5,22.6,0,0,9.2
128,Jalen Suggs,ORL,20,13,3,10,28.1,11.3,3.8,12.1,31.2,1,4.9,20.3,2.8,3.3,83.7,0.8,2.5,3.3,3.5,3.5,0.8,0.4,2.7,20.5,0,0,-2
129,Joe Harris,BKN,30,14,10,4,30.2,11.3,4,8.9,45.2,2.9,6.3,46.6,0.4,0.4,83.3,0.4,3.6,4,1,1.1,0.5,0.1,2.2,18.4,0,0,1.3
130,Pat Connaughton,MIL,28,14,6,8,29.8,11.2,4.2,8.9,47.2,2.5,6.5,38.5,0.3,0.4,66.7,0.9,4.1,5,1.9,0.9,0.9,0.3,1.6,22.7,0,0,-4.4
131,Jae'Sean Tate,HOU,26,14,1,13,26.9,11.1,4.3,8.7,49.2,0.6,2.4,26.5,1.9,2.6,73,2.3,4.5,6.8,1.7,1.8,0.7,0.6,3.1,23.9,2,0,-6.8
132,Cam Reddish,ATL,22,15,6,9,22.5,11.1,3.7,9.5,38.5,1.6,4.3,37.5,2.2,2.4,91.7,0.9,2,2.9,0.9,1.5,1.1,0.1,1.4,18.2,0,0,-3.7
133,Eric Bledsoe,LAC,31,14,9,5,28.6,11.1,4.1,10.2,39.9,0.9,3.7,25,2,2.4,84.8,0.6,3.5,4.1,4.1,2.4,1.6,0.7,1.8,26.8,0,0,-3.5
134,Cedi Osman,CLE,26,14,9,5,22,11,3.9,8.1,47.8,2.4,5.8,42,0.9,1.3,66.7,0.4,2.1,2.5,1.6,0.9,0.6,0.2,1.6,18.1,0,0,0.4
134,Clint Capela,ATL,27,15,6,9,29.4,11,4.7,8.5,55.9,0,0,0,1.5,2.8,54.8,3.8,7.8,11.6,1.1,0.6,0.9,1.2,2.6,32.2,10,0,-2.5
136,Darius Bazley,OKC,21,13,5,8,27.9,10.8,4,10.1,39.7,1.3,4.2,30.9,1.5,2.5,62.5,1.2,5.6,6.8,1.4,1.8,0.8,1.2,0.9,25,1,0,-6.5
137,De'Andre Hunter,ATL,23,11,3,8,27.8,10.8,4.5,10.1,45,1.4,3.5,39.5,0.4,0.9,40,0.4,2.4,2.7,0.6,1.3,0.6,0.3,2.9,16.5,0,0,-2.5
137,Josh Hart,NOP,26,11,1,10,28.7,10.8,4.1,8.4,48.9,0.9,2.4,38.5,1.7,2.2,79.2,1.2,4.9,6.1,3.6,1.2,0.5,0.3,2.8,24.9,1,0,-4.5
139,Lonnie Walker IV,SAS,22,14,4,10,23.2,10.6,3.8,10,37.9,1.6,5.4,30.7,1.4,1.7,83.3,0.1,2.9,3,2.6,1.2,0.8,0.4,1.2,20.3,0,0,2
140,Jusuf Nurkic,POR,27,15,7,8,24.3,10.6,4,7.2,55.6,0.1,0.7,18.2,2.5,3.3,75.5,2.5,8.7,11.1,2.1,2.1,1.3,0.5,2.5,30.6,5,0,4
141,Frank Kaminsky,PHX,28,9,8,1,20.1,10.6,4,7.3,54.5,0.6,1.7,33.3,2,2.2,90,1.2,3.3,4.6,1.4,0.6,0.9,0.8,1.6,22.6,0,0,4.3
142,Damion Lee,GSW,29,11,9,2,23.1,10.5,3.7,8.5,44.1,1.5,4.1,37.8,1.5,1.9,81,0.5,2.7,3.2,1.4,0.5,0.1,0.1,1.1,16.4,0,0,4.5
143,Doug McDermott,SAS,29,11,3,8,25.6,10.4,3.8,8.6,44.2,2.2,4.7,46.2,0.5,0.8,66.7,0.3,1.8,2.1,1.3,0.6,0.2,0,1.3,14.7,0,0,-3.8
144,Patty Mills,BKN,33,15,10,5,25.5,10.3,3.5,8.6,41.1,2.6,5.5,47.6,0.6,0.7,90,0.2,1.5,1.7,2.6,0.9,0.5,0.1,1.6,17.4,0,0,4.9
145,De'Anthony Melton,MEM,23,14,7,7,26.4,10.2,3.9,9.9,39.6,1.8,5.1,34.7,0.6,0.7,80,0.7,3.2,3.9,2.3,1.5,1.6,0.8,1.9,23.9,0,0,-0.2
145,Luke Kennard,LAC,25,14,9,5,26.8,10.2,3.6,8.4,43.6,2.5,5.6,44.3,0.4,0.4,100,0.1,3.3,3.4,2.1,0.4,0.6,0.1,1.2,19.2,0,0,11
147,Terance Mann,LAC,25,13,8,5,29.7,10.1,3.8,8.1,46.7,1.2,3.2,35.7,1.4,1.8,78.3,1.5,3.6,5.1,2.8,1,0.8,0.2,2.2,22.3,1,0,7.7
148,Terrence Ross,ORL,30,14,3,11,26,10.1,3.6,9.1,39.8,1.2,4.6,26.6,1.6,2.1,75.9,0.3,1.5,1.8,2,1.2,0.5,0.2,1.1,16.1,0,0,-12.1
149,Robert Williams III,BOS,24,13,7,6,30.8,10,4.5,6.1,73.4,0,0,0,1.1,1.8,60.9,4.1,5.2,9.2,1.4,1.2,1,1.8,1.5,30.5,6,0,5
150,Michael Porter Jr.,DEN,23,9,5,4,29.4,9.9,4.1,11.4,35.9,1.1,5.3,20.8,0.6,1,55.6,1,5.6,6.6,1.9,1.3,1.1,0.2,1.8,23.3,1,0,6.4
151,Kevin Love,CLE,33,7,3,4,20.7,9.9,3.1,8.9,35.5,0.7,3.4,20.8,2.9,3.1,90.9,1.4,5.9,7.3,2.3,0.9,0.3,0.1,0.9,22.5,2,0,1.1
151,P.J. Washington,CHA,23,7,4,3,21.1,9.9,3.6,7.4,48.1,1.1,3.1,36.4,1.6,2,78.6,1.4,3,4.4,1.4,1.3,0.7,1,1.1,21.2,0,0,-2.6
153,T.J. McConnell,IND,29,15,6,9,26.1,9.8,4.6,8.8,52.3,0.5,1.4,33.3,0.1,0.3,40,0.7,2.7,3.4,5.3,1.5,0.9,0.4,2,24.2,1,0,-2.7
154,JaVale McGee,PHX,33,13,10,3,16.9,9.8,4.3,6.6,65.1,0,0,0,1.2,1.9,60,2.1,4.9,7,0.6,1.5,0.2,1,2.8,21.2,1,0,3.2
155,Ivica Zubac,LAC,24,14,9,5,24.6,9.7,3.6,5.7,62.5,0,0,0,2.6,3.5,73.5,2.6,5.5,8.1,1.1,1.1,0.4,1,2,24.3,4,0,-1.4
156,Kentavious Caldwell-Pope,WAS,28,13,10,3,30.8,9.7,3.5,8.9,39.7,1.9,5.3,36.2,0.7,0.8,81.8,0.5,3.3,3.8,1.5,0.9,1.4,0.4,1.7,21,0,0,1.2
157,Marcus Smart,BOS,27,13,7,6,35.8,9.6,3.2,9.2,35,1.5,5.3,27.5,1.7,2.4,71,0.2,3.5,3.7,4.7,1.8,2.5,0.3,2.2,27.8,0,0,5.6
157,Nicolas Batum,LAC,32,13,9,4,27.3,9.6,3.5,6.8,51.7,2.3,5.2,44.1,0.2,0.5,42.9,0.4,5.3,5.7,1.6,0.8,1.2,0.8,1.2,24.1,0,0,3
159,Chimezie Metu,SAC,24,5,2,3,19.7,9.6,3.4,7.6,44.7,1.8,4.8,37.5,1,1.2,83.3,0.6,4.8,5.4,0.8,1.2,0.8,0.4,1,19.7,1,0,7.6
160,Davion Mitchell,SAC,23,14,6,8,26.3,9.6,3.9,9.8,40.1,1.2,4.1,29.8,0.5,0.8,63.6,0.4,2.1,2.4,3.9,1.1,0.7,0.3,2.5,20.3,0,0,-0.1
161,Marcus Morris Sr.,LAC,32,2,0,2,27.4,9.5,3.5,9,38.9,1.5,5.5,27.3,1,1,100,0,0.5,0.5,0.5,0.5,1,0.5,4,14.9,0,0,-15
162,Justin Holiday,IND,32,15,6,9,29.6,9.4,3.3,8.5,39.4,2.4,6.6,36.4,0.3,0.4,83.3,0.3,2.5,2.8,1.5,1.1,0.6,0.2,2.3,16.3,0,0,1.7
163,Alperen Sengun,HOU,19,13,1,12,19.3,9.4,3.1,6.4,48.2,0.5,1.2,37.5,2.8,4.2,66.7,1.4,3.5,4.8,2.2,2.2,1.4,0.6,3.2,22.3,1,0,-4.8
164,Cameron Payne,PHX,27,8,7,1,17.1,9.3,3.4,8.4,40.3,1.3,3.8,33.3,1.3,1.8,71.4,0.3,2,2.3,2.5,1.9,0.6,0.3,1.9,16.5,0,0,2.9
165,Daniel Theis,HOU,29,12,1,11,23.4,9.2,3.5,6.7,52.5,1,2.8,35.3,1.2,1.5,77.8,1.2,3.4,4.6,0.6,1.2,0.4,0.5,2.5,17.1,1,0,-10.8
165,Naz Reid,MIN,22,12,4,8,15.7,9.2,3.3,7,47.6,0.9,2.8,33.3,1.6,2.1,76,1.1,2.1,3.2,0.9,0.7,0.7,0.9,2.5,18.4,0,0,-4.7
167,Malik Beasley,MIN,24,13,4,9,25.3,9.1,3.3,10.3,32.1,2.2,7.3,30.5,0.2,0.5,50,0.5,2.7,3.2,1.8,0.7,0.8,0.2,0.6,17.6,0,0,-5.9
168,Josh Giddey,OKC,19,13,5,8,28.8,9,3.8,10.2,37.1,0.8,3.3,25.6,0.6,1,61.5,1.5,5.2,6.6,6.2,2.8,1.2,0.6,1.8,28.9,1,0,-7.1
169,Kyle Anderson,MEM,28,14,7,7,22.2,8.9,3.4,7.9,43.6,1.1,2.5,42.9,0.9,1.2,76.5,1.1,4.3,5.4,2.4,0.9,0.9,0.5,1.7,22.4,0,0,-5.4
170,Josh Jackson,DET,24,13,3,10,21.6,8.8,3.2,7.6,42.4,1,3.5,28.3,1.4,2.1,66.7,0.8,3.3,4.1,2.1,1.5,0.5,0.5,1.9,18.1,0,0,-6.2
171,Thaddeus Young,SAS,33,11,3,8,19.5,8.8,4.2,7,59.7,0,0.2,0,0.5,1.3,35.7,1.9,2.5,4.5,3.6,1.5,1.3,0.5,1.8,23.5,0,0,0.5
172,Mike Muscala,OKC,30,10,4,6,14,8.8,2.6,5.5,47.3,1.5,3.6,41.7,2.1,2.7,77.8,0.4,2.8,3.2,0.5,0.4,0.5,0.6,1.3,16.3,0,0,-1.4
173,Malik Monk,LAL,23,15,8,7,22.3,8.6,3.2,7.3,43.6,1.5,4.3,34.4,0.7,0.9,78.6,0.4,1.7,2.1,2.1,1.3,0.7,0.2,1.1,15.5,0,0,2.9
174,Jordan Nwora,MIL,23,14,6,8,21.1,8.6,3.3,8.3,39.7,1.5,4.4,34.4,0.5,0.6,77.8,0.4,3.2,3.6,1.5,1,0.1,0.4,1.1,15.7,0,0,-2.1
175,Jae Crowder,PHX,31,13,10,3,28.8,8.5,3,8.2,36.4,1.7,5.5,31,0.8,1.1,71.4,0.6,4.8,5.5,1.5,1,1.2,0.7,2.2,21.7,0,0,6.8
176,Bones Hyland,DEN,21,11,7,4,16.5,8.5,2.9,7.2,40.5,1.6,4.8,34,1,1.1,91.7,0.3,1.7,2,2.1,0.8,0.9,0.2,1.6,16.4,0,0,0.4
177,Raul Neto,WAS,29,12,9,3,21.4,8.4,3.7,6.9,53,0.5,1.7,30,0.6,0.8,70,0.1,2.3,2.3,2.9,1.6,1.1,0.1,2.1,17.5,0,0,2.8
178,Josh Richardson,BOS,28,11,6,5,24.2,8.4,3.2,6.8,46.7,1,3,33.3,1,1.2,84.6,0.8,2.3,3.1,1.3,0.9,0.6,0.7,2,17.2,0,0,-1.9
179,Alec Burks,NYK,30,14,8,6,19.7,8.4,2.7,6.6,40.9,1.7,4.1,41.4,1.2,1.6,73.9,0.3,2.9,3.1,1.6,0.6,0.8,0.4,1.7,17.6,0,0,3.7
179,Draymond Green,GSW,31,14,12,2,29.7,8.4,3.4,6,56,0.4,1.1,40,1.2,2.3,53.1,1.4,6.5,7.9,7.1,2.9,1.1,0.9,2.7,31.7,1,0,6.9
181,George Hill,MIL,35,13,6,7,28.7,8.3,3.2,7.2,44.7,1.1,3.1,35,0.8,0.8,90.9,1,2.6,3.6,3.2,1.2,1,0.2,2.1,19.7,0,0,4.5
182,Immanuel Quickley,NYK,22,14,8,6,17,8.3,2.6,6.9,38.1,1.5,4,37.5,1.5,1.6,91.3,0.4,1.5,1.9,2,0.7,0.6,0,1.2,14.8,0,0,6.2
183,Dorian Finney-Smith,DAL,28,13,9,4,30.9,8.2,3,7.8,38.2,1.5,4.8,30.6,0.7,1.1,64.3,2.1,2.9,5,1.2,1.2,1.5,0.6,2.6,21.3,0,0,-3.6
184,Kevin Huerter,ATL,23,14,5,9,23.2,8.1,3.4,7.9,43.2,1.1,3.5,30.6,0.2,0.3,75,0.4,3.1,3.6,2,1.3,0.2,0.3,1.7,15.6,0,0,-0.3
184,Steven Adams,MEM,28,14,7,7,25.6,8.1,3.1,6,52.4,0,0,0,1.9,2.7,68.4,3.9,4.6,8.6,2.7,1.4,0.9,0.7,1.7,25.9,1,0,-1.9
186,Jeff Green,DEN,35,14,9,5,21.2,8.1,2.7,6.4,42.2,0.4,2.2,19.4,2.2,2.8,79.5,0.4,2.1,2.4,0.9,0.6,0.2,0.3,1.7,13.2,0,0,-0.4
187,Brook Lopez,MIL,33,1,1,0,28.2,8,3,9,33.3,2,4,50,0,0,0,2,3,5,0,0,1,3,3,26,0,0,0
187,Cody Martin,CHA,26,15,8,7,24,8,2.8,6.2,45.2,0.9,2,43.3,1.5,2,76.7,1.3,2.9,4.3,1.9,0.5,1.4,0.4,1.4,20.8,0,0,-2.7
187,Goran Dragic,TOR,35,5,1,4,17.9,8,2.6,6.8,38.2,0.8,2.8,28.6,2,2,100,0.4,2.4,2.8,1.8,0.2,1,0.2,1.6,17.5,0,0,-4.4
187,Isaiah Stewart,DET,20,13,3,10,24.1,8,3.8,6.8,55.7,0.1,0.7,11.1,0.4,0.5,71.4,2.2,5.2,7.5,1.2,0.9,0.5,1.2,2.4,22.8,0,0,-8.1
187,Kessler Edwards,BKN,21,1,0,1,9.1,8,3,6,50,2,4,50,0,0,0,1,2,3,0,1,0,0,0,10.6,0,0,9
192,Nassir Little,POR,21,15,7,8,21.8,7.9,2.9,5.9,49.4,1,3,33.3,1,1.3,78.9,1.5,4,5.5,0.8,0.9,0.9,0.8,2.2,19.9,1,0,-1.1
193,Bruce Brown,BKN,25,14,9,5,25.9,7.9,3.5,7.3,48,0.5,1.5,33.3,0.4,0.5,71.4,0.9,2.9,3.9,0.9,0.7,1.6,0.6,2.2,19.6,0,0,-0.9
193,Wayne Ellington,LAL,33,7,3,4,22.4,7.9,2.6,6.4,40,2.4,5.9,41.5,0.3,0.3,100,0.3,1.6,1.9,0.7,0.4,0.3,0,0.9,11.6,0,0,-1.4
195,Patrick Beverley,MIN,33,11,3,8,26.4,7.8,3.1,6.5,47.9,1.2,3.3,36.1,0.5,0.8,55.6,1.5,3.3,4.7,4.5,1.3,0.6,0.7,3.4,23,1,0,-3.9
196,Daniel Gafford,WAS,23,11,8,3,20.3,7.7,3.3,5.2,63.2,0,0,0,1.2,1.6,72.2,1.8,2.9,4.7,0.9,0.7,0.6,1.7,2.1,21.1,0,0,-1.6
197,Markieff Morris,MIA,32,10,7,3,18.7,7.7,3.2,7,45.7,0.8,2.2,36.4,0.5,0.5,100,1.3,1.5,2.8,1.4,1.2,0.3,0.1,2.2,13.2,0,0,2.7
198,Danny Green,PHI,34,11,5,6,23.9,7.5,2.5,5.6,45.2,2.1,5,41.8,0.4,0.4,100,0.6,1.8,2.5,1,0.8,1.4,0.8,2.1,17.7,0,0,3.5
199,Dwight Powell,DAL,30,13,9,4,22.7,7.5,2.9,5,58.5,0.3,0.9,33.3,1.4,2.2,64.3,2.5,2.6,5.1,1.1,1,0.7,0.9,3,19.1,0,0,-4.2
200,Alex Caruso,CHI,27,14,10,4,28.6,7.5,2.6,5.9,43.9,0.9,2.6,33.3,1.5,1.7,87.5,0.6,2.7,3.3,3.9,1.7,2.5,0.4,2.9,24.2,0,0,3.6
200,Andre Drummond,PHI,28,14,7,7,21.7,7.5,3,6.5,46.2,0,0.1,0,1.5,2.4,61.8,3.6,7.5,11.1,2.3,1.8,1.2,1.1,2.4,29.6,4,0,0.9
200,R.J. Hampton,ORL,20,14,3,11,18.3,7.5,2.7,6.4,42.2,1.1,2.5,42.9,1,1.8,56,0.4,2.6,3,1.9,1.5,0.4,0.3,1.6,14.6,0,0,-6.2
203,Svi Mykhailiuk,TOR,24,15,7,8,17.7,7.5,2.6,5.3,49.4,1.1,2.8,40.5,1.1,1.3,89.5,0.7,1.9,2.7,1.1,0.9,0.8,0,1.4,13.8,0,0,-1.3
204,Precious Achiuwa,TOR,22,13,7,6,24.1,7.5,3.1,8.8,34.8,0.2,1.2,18.8,1.1,2,53.8,2.1,6.6,8.7,1.5,1.2,0.6,0.8,2.3,23.1,3,0,-0.3
205,Zeke Nnaji,DEN,20,5,4,1,10,7.4,2.6,4.8,54.2,1.2,2,60,1,1.6,62.5,1.4,2.4,3.8,0,0.2,0,0.2,0.8,12.4,0,0,3.8
206,Frank Jackson,DET,23,13,3,10,18.5,7.4,2.6,7,37.4,1.2,4.4,26.3,1,1.4,72.2,0.2,1.1,1.2,0.5,0.8,0.5,0.2,1.3,10.7,0,0,-4.4
207,Obi Toppin,NYK,23,14,8,6,14.9,7.4,2.9,5.2,54.8,0.1,1.4,10.5,1.5,2.2,67.7,1,2.3,3.3,1,0.6,0.4,0.8,1.6,15.6,0,0,5.5
208,Isaiah Hartenstein,LAC,23,13,9,4,16.4,7.3,3,4.8,62.9,0.1,0.2,50,1.2,2,61.5,1.8,3.5,5.2,1.2,1.2,0.8,0.9,2.7,19.5,1,0,5.7
209,Cameron Johnson,PHX,25,13,10,3,21.8,7.2,2.5,7.3,34.7,1.5,4.5,32.2,0.7,0.8,90,0.3,2.8,3.2,1,0.5,0.9,0.3,1.2,15.7,0,0,-1.8
210,Joe Ingles,UTA,34,14,9,5,25.1,7.2,2.5,5.9,42.7,1.9,4.7,39.4,0.4,0.4,83.3,0.4,2.6,3,3.1,1,0.3,0.1,1.7,15.8,0,0,2.4
211,Landry Shamet,PHX,24,12,9,3,17.6,7.2,2.3,5.9,38,1.7,4.3,39.2,1,1.2,85.7,0.2,1.9,2.1,1.3,0.4,0.3,0.1,1,12.1,0,0,-2.4
211,Maxi Kleber,DAL,29,6,4,2,18.8,7.2,2.3,4.7,50,1.8,3.8,47.8,0.7,0.7,100,1,4.3,5.3,0.5,0.7,0.5,1.2,2,18.7,1,0,3
213,Trey Lyles,DET,26,13,3,10,15.7,7.2,2.2,5.5,40.3,0.8,2.8,27.8,1.9,2.5,78.1,1.2,2.8,3.9,0.9,1.2,0.3,0.2,0.9,13.7,0,0,-2.4
214,Kelan Martin,IND,26,8,5,3,14.1,7.1,2.9,6.1,46.9,1.1,2.8,40.9,0.3,0.4,66.7,0.3,1.6,1.9,0.9,0.4,0.5,0.4,1,12.9,0,0,-0.8
215,Jeremy Lamb,IND,29,11,3,8,15.1,7.1,2.2,5.7,38.1,1.2,3,39.4,1.5,1.5,100,0.2,2.2,2.4,0.8,0.6,0.4,0.4,1.3,12.7,0,0,0.1
216,Royce O'Neale,UTA,28,14,9,5,31.3,7.1,2.6,5.6,46.8,1.1,3.7,30.8,0.6,0.9,69.2,0.9,3.7,4.6,2.2,1.3,1.7,0.6,2.3,21.8,0,0,7.3
217,Garrison Mathews,HOU,25,1,0,1,14.6,7,2,4,50,1,3,33.3,2,3,66.7,1,0,1,1,0,0,0,1,9.7,0,0,6
217,Herbert Jones,NOP,23,12,2,10,24.9,7,2.8,5.7,50,0.4,1.1,38.5,0.9,1.2,78.6,1.3,1.7,3,1.5,1.5,1.1,0.6,3.3,16.4,0,0,2.5
217,Sekou Doumbouya,LAL,20,2,0,2,8.2,7,2.5,4,62.5,0.5,1,50,1.5,2,75,1,2,3,0,1,1.5,1,0.5,17.1,0,0,12
220,Hassan Whiteside,UTA,32,14,9,5,16.3,6.9,2.9,5,58.6,0,0,0,1.1,1.6,65.2,2.2,5.2,7.4,0.3,1.1,0.3,1.4,3,20.1,1,0,5.5
221,Danilo Gallinari,ATL,33,12,4,8,18.5,6.9,2.4,6.6,36.7,1.3,3.3,37.5,0.8,1,83.3,0.9,2.7,3.6,0.7,0.5,0.4,0.2,0.8,13.5,0,0,-1.3
222,Elfrid Payton,PHX,27,5,3,2,14.9,6.8,3,5.6,53.6,0,0.2,0,0.8,1.6,50,1,2.4,3.4,3,1.4,0.6,0,1.6,15.8,0,0,-4.2
222,Robert Covington,POR,30,15,7,8,27.5,6.8,2.4,5.8,41.4,1.9,4.9,39.7,0.1,0.1,100,0.3,4.3,4.7,1,0.9,1.1,0.9,2,18.8,0,0,0.2
224,Garrett Temple,NOP,35,13,2,11,21.9,6.8,2.2,5.4,41.4,1.2,3,41,1.1,1.4,77.8,0.8,2.5,3.3,1.5,0.8,0.8,0.8,1.9,17,0,0,-9.8
224,Kenrich Williams,OKC,26,13,5,8,21,6.8,2.5,6.2,41.3,0.8,2.4,32.3,0.9,1.4,66.7,0.7,2.9,3.6,1.4,1,0.6,0.2,1.8,14.7,0,0,-3.5
224,Mitchell Robinson,NYK,23,13,7,6,25.9,6.8,2.7,3.3,81.4,0,0,0,1.4,2.3,60,2.6,4.9,7.5,0.9,0.8,0.4,1.7,2.9,22.7,2,0,-5.1
227,Drew Eubanks,SAS,24,14,4,10,16.8,6.7,2.4,4.4,55.7,0,0.1,0,1.9,2.4,76.5,1.4,4,5.4,1.7,1.4,0.4,1,1.9,18.6,1,0,-0.5
228,Alex Len,SAC,28,8,3,5,17.4,6.6,2.5,4.3,58.8,0.3,0.6,40,1.4,1.8,78.6,0.8,3.4,4.1,1.4,1.4,0.3,1.5,3.3,17.5,0,0,-1.5
228,Isaac Okoro,CLE,20,8,4,4,26.1,6.6,2.5,6.8,37,0.4,2.6,14.3,1.3,1.9,66.7,1.1,3.1,4.3,1.5,1.1,0.8,0.4,2.5,16.2,0,0,-0.9
230,Reggie Bullock,DAL,30,13,9,4,21.3,6.6,2.5,6.4,38.6,1.5,4.5,32.2,0.2,0.4,60,0.2,2.4,2.6,0.7,0.4,0.2,0.1,1.4,11.3,0,0,0.2
231,Derrick Jones Jr.,CHI,24,10,7,3,16.8,6.6,2.3,3.6,63.9,0.3,1.2,25,1.7,1.9,89.5,0.9,2.3,3.2,0.6,0.4,0.7,1,1.7,16,0,0,4.5
231,Patrick Williams,CHI,20,5,4,1,24.9,6.6,2.6,4.6,56.5,0.6,1.2,50,0.8,0.8,100,0.2,2,2.2,0.6,0.4,0.6,0.4,1.8,12.7,0,0,2.4
233,Grant Williams,BOS,22,14,7,7,18.4,6.5,2.2,4.4,50.8,1.2,2.9,41.5,0.9,1,85.7,0.6,2.1,2.7,1,0.6,0.2,0.3,1.4,12.2,0,0,-1.5
233,Nic Claxton,BKN,22,4,2,2,18.9,6.5,2.8,5,55,0,0,0,1,2.3,44.4,0.8,4.8,5.5,0.8,0.8,0,1,1.3,16.5,0,0,-5.5
235,Mason Plumlee,CHA,31,15,8,7,27.3,6.5,2.9,5,57.3,0,0,0,0.7,2.4,30.6,2.3,5.1,7.5,2.9,1.1,0.9,1.1,2.9,24.5,2,0,0.3
236,Otto Porter Jr.,GSW,28,13,11,2,16.7,6.5,2.3,4.9,46.9,1.3,3.2,40.5,0.5,0.6,87.5,0.9,3.5,4.4,1.1,0.6,0.8,0.5,1.2,16.6,0,0,4.9
237,Brandon Clarke,MEM,25,11,4,7,14.7,6.5,2.8,5.2,54.4,0,0.6,0,0.8,1.4,60,1.7,2.1,3.8,1.3,0.3,0.4,0.9,1.5,16.5,0,0,0.1
238,Max Strus,MIA,25,9,7,2,18.4,6.4,2.3,5.9,39.6,1.7,4.3,38.5,0.1,0.3,33.3,0.3,3.1,3.4,0.7,0.6,0.3,0.2,0.9,12.7,0,0,2.8
239,Aaron Holiday,WAS,25,13,10,3,18.2,6.4,2.5,5.3,46.4,0.7,1.5,45,0.8,1,76.9,0.2,1.8,2,1.8,1.1,0.5,0.5,1.8,13.2,0,0,-0.7
239,Cory Joseph,DET,30,13,3,10,19.3,6.4,2.2,5.2,43.3,0.5,1.9,28,1.4,1.7,81.8,0.5,0.9,1.4,3.1,1.5,0.7,0.2,1.5,14,0,0,-2.2
239,Kenyon Martin Jr.,HOU,20,13,1,12,14.5,6.4,2.6,4.5,58.6,0.4,1,38.5,0.8,0.9,83.3,0.5,2,2.5,0.8,0.3,0.4,0.5,0.7,13,0,0,-0.5
242,Nemanja Bjelica,GSW,33,14,12,2,14.8,6.4,2.3,4.9,47.1,1,2.3,43.8,0.8,0.9,84.6,0.9,3.3,4.2,1.7,1.1,0.8,0.4,1.2,16.3,1,0,7.7
243,Larry Nance Jr.,POR,28,15,7,8,18.6,6.3,2.6,4.6,56.5,0.5,1.4,33.3,0.6,1.1,56.3,1.3,3.4,4.7,1.5,1,0.5,0.5,1.4,16.1,0,0,1.5
244,Davis Bertans,WAS,29,7,5,2,16.9,6.1,1.9,5.4,34.2,1.4,4.3,33.3,1,1,100,0.1,1.6,1.7,0.6,0.4,0.1,0,1.6,9.1,0,0,-0.3
244,P.J. Tucker,MIA,36,14,9,5,28.3,6.1,2.3,4.9,47.1,1.1,2.6,40.5,0.5,0.6,77.8,2.1,4.3,6.4,1.4,1.1,0.6,0.1,2.3,17.1,2,0,5.1
246,Austin Reaves,LAL,23,10,6,4,21.3,6.1,2.2,4.6,47.8,0.9,2.8,32.1,0.8,0.8,100,0.2,1.8,2,1,0.8,0.3,0.2,2.1,10.7,0,0,4.5
247,Derrick Favors,OKC,30,11,5,6,17.2,6.1,2.7,5.4,50.8,0.1,0.3,33.3,0.5,0.7,75,1.9,3.5,5.5,0.5,0.4,0.5,0.1,1.5,14.7,1,0,-3.3
248,Khem Birch,TOR,29,12,6,6,22.9,6.1,2.3,4.8,46.6,0,0.4,0,1.6,2.1,76,3.3,2.3,5.7,1.4,0.7,0.7,0.3,1.7,17.1,0,0,2.2
249,Gary Payton II,GSW,28,14,12,2,12.9,6.1,2.4,3.6,68,0.4,1,35.7,0.9,1.4,63.2,0.9,2.1,3,0.9,0.5,1.4,0.1,1.9,14.9,0,0,8.5
249,Tyus Jones,MEM,25,14,7,7,15.8,6.1,2.5,4.9,51.5,0.9,2,46.4,0.1,0.1,100,0.2,2,2.2,2.9,0.6,0.6,0,0.4,14.5,0,0,-2.6
251,Killian Hayes,DET,20,12,3,9,25.8,6,2.1,6.9,30.1,1.1,2.8,38.2,0.8,0.8,90,0.8,2.6,3.4,3.7,1.8,1.5,0.3,2.3,19.4,1,0,-7.8
251,Lou Williams,ATL,35,10,4,6,11.9,6,2.3,5.9,39,0.5,1.5,33.3,0.9,0.9,100,0.1,1.2,1.3,1.2,0.6,0.6,0.2,0.8,11.2,0,0,-0.6
251,Tyler Cook,CHI,24,1,0,1,12,6,2,3,66.7,0,0,0,2,2,100,0,2,2,2,1,0,0,1,10.4,0,0,-2
254,Blake Griffin,BKN,32,14,10,4,22.7,5.9,2.1,6.6,31.2,0.6,3.7,17.3,1.1,1.6,69.6,1.3,3.8,5.1,2,0.5,0.4,0.4,2.4,17.1,1,0,3.2
254,Jaxson Hayes,NOP,21,14,2,12,12.5,5.9,2.1,4.1,51.7,0.1,0.4,16.7,1.6,2.1,73.3,1.6,1.8,3.4,0.3,0.8,0.3,0.9,1.7,13.1,0,0,-3.4
254,P.J. Dozier,DEN,25,14,9,5,19.8,5.9,2.3,5.8,39.5,1,3,33.3,0.4,0.5,71.4,0.7,2.3,3,1.8,0.6,0.8,0.4,1.9,15,0,0,-3.6
257,Cody Zeller,POR,29,15,7,8,13.9,5.8,2,3.1,63.8,0,0.3,0,1.8,2.5,73,2,2.6,4.6,0.9,0.8,0.3,0.1,2.2,13.2,0,0,-2.3
258,Dewayne Dedmon,MIA,32,14,9,5,14.4,5.8,2.2,3.8,58.5,0.2,0.2,100,1.1,1.5,76.2,1.6,3.6,5.1,0.4,0.8,0.4,0.4,2.1,14.1,0,0,5.5
259,Deni Avdija,WAS,20,13,10,3,21.6,5.8,2.1,4.4,47.4,0.6,1.9,32,1,1.8,56.5,1,4.6,5.6,1.3,0.7,0.7,0.8,2,18.4,1,0,6.4
259,Jeremiah Robinson-Earl,OKC,21,13,5,8,18.8,5.8,2.3,5.1,45.5,1,2.4,41.9,0.2,0.3,50,1.7,3.2,4.9,0.7,0.9,0.5,0.3,1,14.1,0,0,-3.3
261,Chuma Okeke,ORL,23,8,2,6,19.9,5.6,1.9,6.1,30.6,0.5,3.3,15.4,1.4,1.4,100,0.8,2.8,3.5,1.3,1.1,0.5,0.3,1.4,12.8,0,0,-6.5
262,Jabari Parker,BOS,26,5,2,3,11,5.6,2.2,4,55,0.8,1.6,50,0.4,0.4,100,0,2,2,0.6,0.8,0.4,0.2,1.6,9.9,0,0,-3.4
263,Kevon Looney,GSW,25,14,12,2,17.1,5.6,2.1,4,53.6,0,0,0,1.3,2.1,62.1,2.4,4.1,6.5,0.9,0.6,0.4,0.7,2.2,17.6,1,0,3.9
264,Jaden McDaniels,MIN,21,13,4,9,25.4,5.5,2.2,5.9,37.7,0.6,2.5,24.2,0.5,0.7,66.7,1.5,2.7,4.2,1,0.9,0.9,0.7,4.2,16,0,0,0.4
265,Avery Bradley,LAL,30,14,7,7,22.4,5.4,2.1,5.2,41.1,1.1,2.9,39,0,0,0,0.4,1.4,1.9,1,0.4,0.5,0.2,1.5,10.9,0,0,-7.6
265,Chris Boucher,TOR,28,14,7,7,13.5,5.4,2.1,5.6,37.2,0.5,2.7,18.4,0.8,1.1,68.8,1.1,2.4,3.5,0.1,0.6,0.6,0.8,1.4,13.5,0,0,-0.1
265,Javonte Green,CHI,28,14,10,4,19.1,5.4,2.2,4.4,50,0.4,1.4,31.6,0.6,0.7,80,1.1,2.4,3.6,0.6,0.4,0.9,0.4,1.7,13.9,0,0,0.4
268,Gary Harris,ORL,27,9,1,8,22.1,5.3,2.3,6.2,37.5,0.4,2.1,21.1,0.2,0.3,66.7,0.8,0.7,1.4,1.6,1.2,0.3,0.1,1.7,9.5,0,0,-15
269,Ayo Dosunmu,CHI,21,13,9,4,15.1,5.3,2.2,5.4,40,0.7,1.8,39.1,0.3,0.5,57.1,0.4,1.6,2,1,0.9,0.2,0.2,1.3,9.4,0,0,-0.4
270,Torrey Craig,IND,30,15,6,9,17.4,5.3,1.9,4.1,46.8,0.7,2.1,31.3,0.7,0.9,84.6,1.4,1.8,3.2,1,0.8,0.5,0.3,1.9,12.2,1,0,-1.3
270,Trey Murphy III,NOP,21,15,2,13,18.1,5.3,1.7,5.2,33.3,1.3,3.7,35.7,0.5,0.5,87.5,0.8,1.9,2.7,0.7,0.6,0.3,0.2,1.3,10.6,0,0,-3.5
272,Ty Jerome,OKC,24,10,5,5,12.6,5.2,1.8,5.7,31.6,1,3.8,26.3,0.6,0.9,66.7,0.2,0.9,1.1,1,0.3,0.7,0.1,1.3,10.1,0,0,3.3
273,DeAndre Jordan,LAL,33,13,7,6,13.6,5.2,2.4,3,79.5,0,0,0,0.4,0.6,62.5,1.6,4.2,5.8,0.5,0.8,0.3,1,1.8,16,0,0,-1.9
274,JaMychal Green,DEN,31,14,9,5,14,5.1,2.1,4.2,49.2,0.4,1.9,19.2,0.6,0.9,75,0.9,2.5,3.4,0.6,1.5,0.8,0.4,2.4,12.4,0,0,-4.8
275,Matisse Thybulle,PHI,24,9,7,2,25,5.1,2.1,4.4,47.5,0.7,2.1,31.6,0.2,0.2,100,0.4,1.8,2.2,1.3,0.9,2.3,1.7,1.7,20.9,0,0,3
276,Romeo Langford,BOS,22,10,5,5,19.5,5.1,1.9,4.4,43.2,0.9,1.9,47.4,0.4,0.7,57.1,1,1.5,2.5,0.6,0.6,0.4,0.1,1.7,9.9,0,0,-3.1
277,Dalano Banton,TOR,22,15,7,8,12.6,5.1,2,3.8,52.6,0.3,0.7,36.4,0.8,1.2,66.7,0.5,1.7,2.3,1.3,1,0.6,0.3,1.5,11.6,0,0,0.7
278,Aleksej Pokusevski,OKC,19,13,5,8,15.3,5,2,5.6,35.6,0.6,2.6,23.5,0.4,0.6,62.5,0.9,3.4,4.3,1.2,1.2,0.5,0.5,0.9,13.4,0,0,-3.5
278,Boban Marjanovic,DAL,33,7,4,3,5.9,5,2.3,3.3,69.6,0,0,0,0.4,1.1,37.5,0.7,0.9,1.6,0.3,0.7,0,0.1,1.4,7,0,0,1.3
278,Frank Ntilikina,DAL,23,12,8,4,14,5,1.8,4.5,38.9,0.8,2.3,35.7,0.7,0.7,100,0.3,1.7,1.9,1.3,0.6,0.5,0.2,1.3,10.6,0,0,3.2
278,Jalen McDaniels,CHA,23,13,7,6,12.3,5,1.7,3.2,52.4,0.8,1.9,40,0.8,1.4,61.1,0.5,1.8,2.2,0.9,0.5,0.5,0.2,1.2,10.4,0,0,0.1
278,Jarred Vanderbilt,MIN,22,13,4,9,19,5,2.1,4.2,50,0,0.4,0,0.8,0.9,91.7,2.2,3.8,5.9,0.9,1.2,1.1,0.6,2.7,17.4,1,0,-3.3
278,Sam Merrill,MEM,25,5,1,4,11.1,5,1.6,4.6,34.8,1.4,4.4,31.8,0.4,0.8,50,0.2,1,1.2,0.8,0.4,0,0,0.6,7.2,0,0,-1.2
278,Tre Mann,OKC,20,9,3,6,10.9,5,2.1,4.7,45.2,0.6,1.4,38.5,0.2,0.7,33.3,0.6,0.9,1.4,0.2,0.6,0.2,0.3,1.7,8.2,0,0,-2.3
278,Ziaire Williams,MEM,20,12,6,6,18.3,5,1.8,5.7,32.4,1.2,4.1,28.6,0.2,0.2,100,0.3,1.2,1.5,0.5,0.7,0.6,0.4,1.9,9.9,0,0,-4.6
286,Bryn Forbes,SAS,28,14,4,10,11.9,4.9,1.9,4.5,41.3,1.1,2.5,42.9,0.1,0.3,50,0.1,0.9,0.9,0.5,0.9,0.1,0.1,0.6,6.6,0,0,-3.6
286,Kent Bazemore,LAL,32,14,7,7,23.5,4.9,1.7,5,34.3,0.9,2.8,30.8,0.6,0.9,75,0.2,1.9,2.1,0.9,0.5,1.1,0.3,3,12.5,0,0,-4.6
288,DeAndre' Bembry,BKN,27,14,9,5,16.1,4.9,1.9,3.5,55.1,0.5,0.8,63.6,0.5,0.8,63.6,0.5,1.9,2.4,1.1,0.7,1,0.3,2.1,12.5,0,0,-0.9
288,Isaiah Roby,OKC,23,7,1,6,10.7,4.9,1.9,3.7,50,0.3,1,28.6,0.9,0.9,100,0.7,1.1,1.9,0.7,0.4,0.1,0.3,1.3,9,0,0,-1.9
290,Ish Smith,CHA,33,13,7,6,14.4,4.8,2.3,6,38.5,0.1,0.2,50,0.2,0.5,33.3,0.1,1.3,1.4,2.6,1,0.5,0.2,0.7,11.5,0,0,-3.2
291,Ben McLemore,POR,28,4,2,2,7.4,4.8,1.5,3.8,40,1.3,3.5,35.7,0.5,0.5,100,0.3,0,0.3,0.3,0.8,0,0,0.5,4.7,0,0,-4.8
291,Nerlens Noel,NYK,27,4,2,2,21.2,4.8,1.8,2.3,77.8,0,0,0,1.3,1.3,100,2.8,4,6.8,0.5,1.3,1.8,1.3,2.8,21.4,0,0,8
293,Caleb Martin,MIA,26,11,7,4,14.4,4.7,1.9,4.4,43.8,0.4,1.8,20,0.5,1.1,50,0.7,1.5,2.3,0.5,0.5,0.8,0.5,1.7,11.4,0,0,0.9
294,Hamidou Diallo,DET,23,7,0,7,12.3,4.7,1.9,4,46.4,0.3,1.3,22.2,0.7,0.7,100,0.4,1.3,1.7,0.7,0.9,0.6,0.1,1.1,9.1,0,0,-2
295,Eric Paschall,UTA,25,14,9,5,14.9,4.6,1.6,3.6,44,0.6,2.4,27.3,0.9,1.2,70.6,0.9,1.6,2.4,0.9,0.6,0.1,0.1,0.9,9.1,0,0,1
296,Dwight Howard,LAL,35,13,6,7,14.3,4.6,1.5,2.5,59.4,0.2,0.3,50,1.5,2.5,60.6,1.4,3.8,5.2,0.3,1.2,1,0.8,1.9,15.3,0,0,0.7
297,Tristan Thompson,SAC,30,9,4,5,13.3,4.6,1.9,3.8,50,0,0,0,0.8,1,77.8,2.1,3.2,5.3,0.6,0.9,0.2,0.3,1.8,12.6,0,0,-1.8
298,Aaron Wiggins,OKC,22,2,0,2,20.5,4.5,1.5,4,37.5,1.5,4,37.5,0,0,0,0,3,3,2,2.5,1,0.5,1,13.1,0,0,-1
298,Marvin Bagley III,SAC,22,2,1,1,14.1,4.5,2,5.5,36.4,0.5,1.5,33.3,0,0,0,0.5,3,3.5,0,1,0,0.5,1,9.2,0,0,5.5
300,Robin Lopez,ORL,33,5,1,4,11.8,4.4,1.6,2.6,61.5,0,0,0,1.2,1.6,75,1,1.4,2.4,0.6,0.6,0,0.4,0.8,8.8,0,0,-9.6
301,David Nwaba,HOU,28,13,1,12,12.6,4.4,1.8,3.8,46.9,0.1,0.8,10,0.8,1.2,62.5,0.6,2.6,3.2,0.8,0.6,0.8,0.3,1.2,12,0,0,-2.7
302,Jarrett Culver,MEM,22,3,1,2,6.9,4.3,1.3,2.3,57.1,0.3,1,33.3,1.3,1.7,80,0.3,1,1.3,0.7,0,0,0,0,6.9,0,0,2.7
303,Kira Lewis Jr.,NOP,20,13,1,12,13,4.3,1.9,5.8,33.3,0.4,2.2,17.2,0.1,0.1,100,0.2,1.5,1.7,2,1.5,0.3,0,1.1,8.8,0,0,-9.2
303,Thanasis Antetokounmpo,MIL,29,13,5,8,15.1,4.3,1.8,3.7,50,0,0.2,0,0.6,1,61.5,1.3,2.5,3.8,1,0.7,0.7,0.1,1.8,11.9,0,0,-1.7
305,Maurice Harkless,SAC,28,12,5,7,21.4,4.2,1.6,4.1,38.8,0.7,2.7,25,0.3,0.4,80,0.1,2.8,2.9,0.6,0.5,0.4,0.6,1.6,11,0,0,0.5
306,Moritz Wagner,ORL,24,13,3,10,9.9,4.2,1.4,3.4,40.9,0.8,2.4,35.5,0.5,1.1,50,0.2,2.2,2.5,0.4,0.5,0,0.2,1.8,7.8,0,0,-2
307,Danuel House Jr.,HOU,28,7,1,6,14.4,4.1,1.3,4.6,28.1,0.6,2,28.6,1,1.1,87.5,0.1,3.1,3.3,1.1,0.9,0.6,0.1,0.7,11.1,0,0,-2.9
308,Dylan Windler,CLE,25,11,7,4,11.6,4,1.5,3,48.5,0.8,1.9,42.9,0.3,0.4,75,0.6,1.5,2.1,1.2,0.5,0.3,0.2,1,9.2,0,0,2.5
308,Isaiah Todd,WAS,20,1,0,1,4.5,4,1,2,50,1,2,50,1,2,50,0,1,1,0,0,1,0,0,8.2,0,0,2
308,Terence Davis,SAC,24,10,4,6,12.5,4,1.6,5.6,28.6,0.8,3.5,22.9,0,0,0,0.1,1.3,1.4,0.7,0.5,0.5,0,1.6,7.7,0,0,-0.6
308,Trey Burke,DAL,29,4,1,3,7.7,4,1.3,3,41.7,0.5,1.3,40,1,1,100,0,0.5,0.5,1,1,0.5,0,0,6.6,0,0,1.3
312,D.J. Augustin,HOU,34,12,1,11,11.8,3.9,1.1,2.8,38.2,0.9,2.2,42.3,0.8,0.8,100,0.1,0.3,0.4,1.8,0.9,0.1,0,0.6,6.4,0,0,-5.5
313,Taj Gibson,NYK,36,9,5,4,20.9,3.9,1.6,3.2,48.3,0,0.3,0,0.8,0.9,87.5,2.3,3.1,5.4,0.9,0.9,0.4,1.2,3.4,15.9,0,0,4.6
314,Oshae Brissett,IND,23,8,2,6,12.8,3.9,1.6,3.8,43.3,0.5,1.8,28.6,0.1,0.6,20,0.4,2,2.4,0.4,0.9,0.3,0.1,1.1,7.5,0,0,-6.1
315,Xavier Tillman,MEM,22,10,5,5,13.6,3.8,1.6,3.3,48.5,0.1,1.1,9.1,0.5,0.7,71.4,1,2.3,3.3,1.2,0.6,1.3,0.1,0.6,13.2,0,0,-5.1
316,Rodney Hood,MIL,29,9,3,6,13.4,3.8,1,3.1,32.1,1,2.4,40.9,0.8,0.8,100,0.2,1.7,1.9,0.6,0.1,0.1,0,0.9,7.1,0,0,-0.1
317,Juan Toscano-Anderson,GSW,28,13,12,1,11.9,3.8,1.3,2.9,44.7,0.5,1.5,35,0.6,0.8,80,0.2,1.6,1.8,1.3,0.8,0.7,0.2,1.1,9.9,0,0,-0.2
318,Andre Iguodala,GSW,37,12,10,2,20.8,3.8,1.5,3.6,41.9,0.4,1.9,21.7,0.3,0.5,66.7,0.7,2.8,3.5,3.8,0.8,0.8,0.8,1,17.6,0,0,9.3
318,Jay Scrubb,LAC,21,4,3,1,5.6,3.8,1.5,3,50,0.5,1,50,0.3,0.5,50,0,0.5,0.5,0.5,0,0.3,0.3,0.8,6.6,0,0,-1.5
318,Jonathan Kuminga,GSW,19,8,7,1,8.5,3.8,1.6,3.1,52,0.1,0.9,14.3,0.4,0.9,42.9,0.6,1.4,2,0.4,0.9,0.4,0.3,1.8,7.7,0,0,2.6
321,Luka Garza,DET,22,7,0,7,10.1,3.7,1.3,2.9,45,0.4,1.3,33.3,0.7,0.9,83.3,1,1.1,2.1,0.6,0.3,0.7,0.1,1.7,9.4,0,0,-4.1
322,Facundo Campazzo,DEN,30,13,8,5,15.2,3.7,1.3,3.3,39.5,0.6,2,30.8,0.5,0.6,75,0.4,1.5,1.8,1.8,1,0.8,0.2,1.3,10.6,0,0,-6.9
323,Semi Ojeleye,MIL,26,9,3,6,20.7,3.7,1.3,4,33.3,0.7,2.6,26.1,0.3,0.6,60,2.1,1.9,4,0.3,0.6,0.4,0.4,1.7,11.1,0,0,-6.3
324,Justin Robinson,MIL,24,12,5,7,14.1,3.6,1.3,3.7,36.4,0.8,2.5,30,0.2,0.2,100,0.2,0.8,1,1.2,0.8,0.7,0,1.1,7.8,0,0,-3
325,Dean Wade,CLE,24,12,7,5,19.2,3.5,1.4,3.8,37.8,0.7,2.5,26.7,0,0,0,0.4,2.6,3,1,0.3,0.5,0,1.8,9.9,0,0,0.2
325,Eugene Omoruyi,DAL,24,2,0,2,5.2,3.5,1,2,50,0.5,1,50,1,2,50,0.5,2,2.5,0.5,0,0,0,0.5,7.3,0,0,0.5
325,Rajon Rondo,LAL,35,10,3,7,17.2,3.5,1.5,5,30,0.5,2,25,0,0,0,0.4,2,2.4,4.6,2,1,0.3,1.4,15.2,0,0,-0.3
328,Nick Richards,CHA,23,11,5,6,8.9,3.5,1.5,2.3,64,0,0,0,0.5,0.6,85.7,1,1,2,0.2,0.8,0.4,0.6,1.6,8.3,0,0,-2.9
329,Santi Aldama,MEM,20,5,1,4,6.6,3.4,1.4,3.8,36.8,0.2,1.6,12.5,0.4,0.6,66.7,0.8,0.8,1.6,0.6,0,0,0,0.6,6.2,0,0,0.2
330,Dennis Smith Jr.,POR,23,7,4,3,13.4,3.3,1.1,2.6,44.4,0.3,0.4,66.7,0.7,1.3,55.6,0.1,1.3,1.4,2.6,1.3,1.6,0.3,1,13.1,0,0,-3.6
331,Brandon Boston Jr.,LAC,19,5,5,0,6.6,3.2,1,2.2,45.5,0.4,0.8,50,0.8,1,80,0,1,1,0.4,0.2,0.4,0,0.2,6,0,0,0.2
332,Keita Bates-Diop,SAS,25,10,3,7,12.8,3.1,1.3,2.9,44.8,0.1,0.8,12.5,0.4,0.4,100,0.5,2.3,2.8,0.2,0.5,0.4,0.5,0.5,9,0,0,4.1
333,Troy Brown Jr.,CHI,22,11,9,2,7.9,3.1,1.3,2.7,46.7,0.5,1.3,35.7,0.1,0.2,50,0.2,1.1,1.3,0.2,0.2,0.2,0,0.6,5.3,0,0,-1.4
334,Alize Johnson,CHI,25,9,7,2,9.3,3,1.3,2.1,63.2,0,0.1,0,0.3,0.6,60,1.2,1.9,3.1,0.7,0.6,0.2,0,0.8,7.8,0,0,-4.1
334,Enes Kanter,BOS,29,3,1,2,5.9,3,1.3,2.7,50,0,0,0,0.3,0.3,100,1.3,0.7,2,0,0.7,0,0,0.7,4.7,0,0,-4
334,Jalen Smith,PHX,21,3,2,1,7.9,3,1,2.7,37.5,0,0.3,0,1,1,100,0.7,1.7,2.3,0,0.3,0.3,0.3,1,7.5,0,0,-1
334,Joe Wieskamp,SAS,22,1,1,0,3.2,3,1,1,100,1,1,100,0,0,0,0,0,0,0,0,0,0,0,3,0,0,-6
334,McKinley Wright IV,MIN,23,1,1,0,4.1,3,1,1,100,1,1,100,0,0,0,0,0,0,0,1,0,0,0,2,0,0,-6
334,Naji Marshall,NOP,23,11,1,10,14.9,3,0.9,3.2,28.6,0.1,1.4,6.7,1.1,1.3,85.7,0.8,3,3.8,1.1,1.3,0.6,0.3,1.5,10.7,0,0,-7.3
334,Paul Millsap,BKN,36,12,8,4,10.7,3,1,2.7,37.5,0.3,1.3,25,0.7,0.9,72.7,0.6,2.6,3.2,0.8,0.5,0.2,0.3,1.9,9.1,0,0,1.7
341,Tre Jones,SAS,21,12,4,8,7.4,2.9,1.3,2.7,50,0,0.3,0,0.3,0.3,100,0.1,0.7,0.8,1.1,0.2,0.3,0,0.5,6,0,0,-0.5
342,Armoni Brooks,HOU,23,10,1,9,8.1,2.9,1,3.4,29.4,0.6,2.6,23.1,0.3,0.3,100,0.2,0.7,0.9,0.3,0.1,0.3,0,0.9,5.2,0,0,3.1
343,Abdel Nader,PHX,28,12,9,3,11,2.8,1,2.7,37.5,0.3,1,33.3,0.5,0.7,75,0.3,1.8,2.1,0.6,0.8,0.7,0.3,1.3,8.4,0,0,-0.6
343,Paul Reed,PHI,22,12,6,6,10.7,2.8,1.4,2.7,53.1,0,0.2,0,0,0,0,1.3,1.8,3,0.6,0.5,0.8,0.7,1.7,11.1,0,0,-2.8
345,Josh Okogie,MIN,23,11,3,8,14.6,2.8,0.9,2.8,32.3,0.3,1,27.3,0.7,1.5,50,1.1,1.7,2.8,0.9,0.7,0.7,0.3,1.2,9.8,0,0,3.5
345,Tony Bradley,CHI,23,11,7,4,13.1,2.8,1.4,2.8,48.4,0,0,0,0.1,0.2,50,1.7,2.8,4.5,0.5,0.7,0.1,0.8,1.5,11,0,0,5.3
347,Goga Bitadze,IND,22,10,4,6,7.9,2.8,1,2.8,35.7,0.3,1.5,20,0.5,0.5,100,0.9,1.2,2.1,0.2,0.4,0.7,0.5,1.7,8.8,0,0,-0.9
348,Isaiah Joe,PHI,22,8,5,3,9.7,2.8,1,3.4,29.6,0.6,2.5,25,0.1,0.1,100,0,1.4,1.4,0.5,0.4,0,0,0.9,4.8,0,0,-0.9
348,Jock Landale,SAS,26,4,2,2,2.7,2.8,1,1.3,80,0.3,0.3,100,0.5,0.8,66.7,0.5,0,0.5,0.5,0.3,0,0.3,0,4.6,0,0,2.3
350,Jevon Carter,BKN,26,15,10,5,14.9,2.7,0.9,3.5,26.4,0.7,2.5,29.7,0.1,0.1,100,0.1,1.4,1.5,1.3,0.3,0.5,0.3,1.1,8.8,0,0,0.5
351,Brad Wanamaker,IND,32,7,2,5,13.6,2.7,0.9,3.3,26.1,0.4,1,42.9,0.6,0.9,66.7,0.4,1.6,2,2.7,1.7,0,0.7,1.7,9.6,0,0,-2.7
351,Sandro Mamukelashvili,MIL,22,7,4,3,8.7,2.7,1,2.1,46.7,0.4,0.9,50,0.3,0.4,66.7,0.4,0.9,1.3,0.3,0.3,0,0,0.6,4.4,0,0,-3.1
353,Willy Hernangomez,NOP,27,3,0,3,4.7,2.7,0.7,1,66.7,0,0,0,1.3,1.3,100,0,1.3,1.3,0.7,0.3,0,0,1,4.9,0,0,-5.7
354,Bol Bol,DEN,22,5,3,2,5.4,2.6,1.2,2.2,54.5,0,0.6,0,0.2,0.6,33.3,0.2,1.2,1.4,0.4,0,0.2,0.2,0.6,6.1,0,0,-0.4
355,Austin Rivers,DEN,29,12,9,3,15,2.6,1,3.5,28.6,0.4,1.9,21.7,0.2,0.3,50,0.3,1.1,1.4,0.6,0.7,0.4,0.1,1.1,6,0,0,-1.7
355,Corey Kispert,WAS,22,12,9,3,11.4,2.6,1,2.7,37.5,0.3,1.6,21.1,0.3,0.3,75,0.5,1.4,1.9,0.8,0.4,0.3,0.3,0.5,7.3,0,0,4.9
355,John Konchar,MEM,25,12,7,5,13.9,2.6,1.1,2.7,40.6,0.2,1,16.7,0.3,0.7,37.5,0.9,2,2.9,0.9,0.4,0.8,0.3,1.3,10.3,0,0,-2.7
358,Justise Winslow,LAC,25,11,8,3,9.5,2.5,1.2,3.4,35.1,0.1,0.7,12.5,0.1,0.2,50,0.5,2,2.5,1.1,1.3,0.5,0.5,1,9,0,0,-0.8
359,Duane Washington Jr.,IND,21,2,1,1,2.2,2.5,1,1.5,66.7,0.5,1,50,0,0,0,0,0.5,0.5,0,0,0,0,0,3.1,0,0,-3
359,Jose Alvarado,NOP,23,2,0,2,3.5,2.5,1,2,50,0.5,1,50,0,0,0,0,0,0,0.5,0,0.5,0,0,4.8,0,0,-2
359,Josh Christopher,HOU,19,10,1,9,7.9,2.5,1,3,33.3,0.1,0.6,16.7,0.4,0.6,66.7,0.2,0.8,1,1.1,0.6,0.6,0,0.5,6.6,0,0,1.1
359,Tomas Satoransky,NOP,30,10,1,9,15.3,2.5,0.9,3.1,29,0.2,0.7,28.6,0.5,0.6,83.3,0.3,1.3,1.6,2.5,0.8,0.5,0,1.2,8.9,0,0,-6.5
363,Delon Wright,ATL,29,13,6,7,11.9,2.5,0.8,2.4,35.5,0.2,0.8,27.3,0.5,0.8,70,0.8,1.5,2.4,2.2,0.5,0.5,0.2,0.2,10.1,0,0,0.9
364,Aaron Nesmith,BOS,22,11,6,5,9.5,2.5,0.9,3.2,28.6,0.5,2.4,19.2,0.2,0.2,100,0.5,1.3,1.7,0.5,0.4,0.3,0,1,5.7,0,0,-3.8
364,Taurean Prince,MIN,27,11,4,7,12.7,2.5,0.8,3.3,25,0.4,2.2,16.7,0.5,0.7,62.5,0.5,1.5,1.9,0.6,0.5,0.3,0,1.2,6,0,0,-2.6
366,Day'Ron Sharpe,BKN,20,7,3,4,4.7,2.4,1,2,50,0.1,0.4,33.3,0.3,0.6,50,0.9,1.3,2.1,0,0.9,0.3,0.3,0.6,5.9,0,0,0.6
366,Gorgui Dieng,ATL,31,14,5,9,9.4,2.4,0.8,2.2,35.5,0.3,1,28.6,0.6,0.9,66.7,1.4,3.1,4.5,0.9,0.5,0.3,0.3,1.3,10.3,0,0,1.9
368,Greg Brown III,POR,20,6,4,2,5,2.3,1,2.8,35.3,0,0.7,0,0.3,0.8,40,0.7,1.3,2,0.7,0.3,0.2,0.3,0.7,6.9,0,0,-2.7
368,Jahmi'us Ramsey,SAC,20,3,1,2,8.8,2.3,1,2,50,0.3,1,33.3,0,0.7,0,0,0,0,0.3,0,0,0.3,0.7,3.8,0,0,0.3
368,Jalen Johnson,ATL,19,6,4,2,3,2.3,0.8,1.7,50,0.3,0.7,50,0.3,0.3,100,0,0.8,0.8,0,0,0,0,0,3.3,0,0,-0.2
368,Skylar Mays,ATL,24,6,4,2,3,2.3,0.7,0.8,80,0.2,0.3,50,0.8,0.8,100,0,0.3,0.3,0.2,0.3,0,0,0.3,2.7,0,0,-0.2
372,Amir Coffey,LAC,24,10,6,4,8.1,2.3,0.4,1.7,23.5,0.3,1.3,23.1,1.2,1.3,92.3,0.2,0.8,1,0.4,0.2,0.1,0.1,0.9,4.5,0,0,2.3
373,Damian Jones,SAC,26,4,2,2,6,2.3,1,1,100,0.3,0.3,100,0,0,0,0.8,1.3,2,0.5,0.3,0,0.3,1,5.9,0,0,7.3
373,Gabriel Deck,OKC,26,4,2,2,5.4,2.3,1,1.8,57.1,0.3,0.5,50,0,0,0,0.3,0.5,0.8,0.3,0.3,0.3,0,0,4,0,0,0.3
373,Quentin Grimes,NYK,21,4,3,1,4.5,2.3,0.8,1.5,50,0.8,1.5,50,0,0,0,0,0.3,0.3,0,0,0,0,0,2.6,0,0,-4
376,Denzel Valentine,CLE,28,9,5,4,6.9,2.2,0.8,2.8,28,0.7,1.9,35.3,0,0,0,0.6,0.8,1.3,0.1,0.3,0.2,0,0.7,4.3,0,0,0.7
376,Theo Maledon,OKC,20,9,3,6,14.2,2.2,0.8,3.8,20.6,0.3,2.4,13.6,0.3,0.4,75,0.4,1.3,1.8,1.3,1.2,0.2,0,0.9,5.8,0,0,-3.8
378,Gabe Vincent,MIA,25,12,7,5,10.3,2.2,0.9,2.4,37.9,0.2,1.2,14.3,0.2,0.2,100,0.5,0.8,1.3,1.8,0.8,0.3,0,1.3,6.5,0,0,0.8
379,Sterling Brown,DAL,26,11,8,3,11.7,2.1,0.7,3.2,22.9,0.5,2.4,19.2,0.2,0.2,100,0.5,2.5,3.1,0.7,0.6,0.4,0.2,1.4,7.9,0,0,0.5
380,Chandler Hutchison,PHX,25,1,0,1,6.4,2,1,1,100,0,0,0,0,0,0,0,2,2,0,2,0,0,1,2.4,0,0,5
380,Jaylen Nowell,MIN,22,5,2,3,6.5,2,1,3,33.3,0,0.6,0,0,0,0,0.4,0.6,1,1.4,0.2,0.6,0.4,0.2,8.1,0,0,-3.6
380,Jordan McLaughlin,MIN,25,10,4,6,11.2,2,0.7,2.6,26.9,0.2,1.3,15.4,0.4,0.6,66.7,0.1,1,1.1,2.3,0.6,0.7,0,0.5,8.3,0,0,-3
380,RJ Nembhard Jr.,CLE,22,1,0,1,1.9,2,1,1,100,0,0,0,0,0,0,0,0,0,1,0,0,0,0,3.5,0,0,3
380,Rodney McGruder,DET,30,7,0,7,5.7,2,0.7,1.9,38.5,0.3,1,28.6,0.3,0.3,100,0.3,0.6,0.9,0.4,0,0,0.1,0.1,4.1,0,0,2.9
380,Saben Lee,DET,22,5,0,5,7.2,2,0.6,2,30,0,0.8,0,0.8,1.2,66.7,0,0.6,0.6,0.8,0.4,0.4,0,0.2,4.7,0,0,1.2
380,Trendon Watford,POR,21,1,0,1,6.7,2,1,2,50,0,0,0,0,0,0,0,0,0,2,0,0,0,0,5,0,0,-3
387,Lamar Stevens,CLE,24,9,5,4,10.1,1.9,0.8,2.9,26.9,0.2,0.8,28.6,0.1,0.1,100,0.8,0.8,1.6,0.1,0.2,0.2,0.1,1,4.7,0,0,1.6
387,Omer Yurtseven,MIA,23,9,6,3,3.5,1.9,0.9,1.6,57.1,0,0,0,0.1,0.2,50,0.2,0.7,0.9,0,0.3,0,0.1,0.1,3,0,0,0
389,Timothe Luwawu-Cabarrot,ATL,26,8,4,4,3.5,1.9,0.5,1.6,30.8,0.4,1,37.5,0.5,0.6,80,0,0.5,0.5,0.3,0.1,0.3,0,0,3.5,0,0,0.4
390,KZ Okpala,MIA,22,6,5,1,5.6,1.8,0.7,1.8,36.4,0.2,0.7,25,0.3,0.3,100,0.5,1.2,1.7,0.2,0,0.2,0,0.3,4.6,0,0,-0.3
390,Payton Pritchard,BOS,23,12,6,6,10.6,1.8,0.7,2.8,23.5,0.5,1.9,26.1,0,0,0,0.5,1.2,1.7,1.3,0.6,0,0.2,1.1,5.8,0,0,-3.3
392,Moses Moody,GSW,19,11,11,0,6.8,1.7,0.7,2.1,34.8,0.2,1.3,14.3,0.1,0.2,50,0,0.8,0.8,0.3,0.1,0,0.2,0.4,3.6,0,0,-1.3
393,Ignas Brazdeikis,ORL,22,7,1,6,7.6,1.7,0.7,2.6,27.8,0.3,1.6,18.2,0,0,0,0.3,1,1.3,0.6,0.4,0.1,0,0.9,4.1,0,0,-4
393,Usman Garuba,HOU,19,7,1,6,6.4,1.7,0.7,2,35.7,0.3,1.1,25,0,0,0,0.9,1.7,2.6,0.9,0.3,0.3,0.6,0.6,8.4,0,0,2.9
395,Joshua Primo,SAS,18,3,2,1,3,1.7,0.7,0.7,100,0.3,0.3,100,0,0,0,0.3,0,0.3,0.3,0,0,0,0,2.6,0,0,-1
395,Malachi Flynn,TOR,23,9,5,4,4.6,1.7,0.6,1.4,38.5,0.3,0.7,50,0.2,0.4,50,0.2,0.6,0.8,0.6,0,0.3,0.1,0.6,4.8,0,0,0.9
397,Georgios Kalaitzakis,MIL,22,5,3,2,5.7,1.6,0.6,1.8,33.3,0.2,0.6,33.3,0.2,1.2,16.7,0.6,0.4,1,0,0.6,0.2,0.2,0.8,3.4,0,0,-4.2
398,Jared Butler,UTA,21,11,9,2,4.7,1.5,0.5,2,27.3,0.3,1.2,23.1,0.2,0.4,50,0,0.5,0.5,0.6,0.5,0.1,0.5,0.9,4.2,0,0,0.5
399,Charles Bassey,PHI,21,6,2,4,4.1,1.5,0.7,1.2,57.1,0,0.3,0,0.2,0.3,50,0.7,0.7,1.3,0.2,0,0,0.5,0.3,4.9,0,0,-1
399,Chris Chiozza,GSW,25,4,4,0,6.9,1.5,0.5,2.3,22.2,0.5,1.8,28.6,0,0,0,0.3,0.8,1,0.8,0.8,0.5,0,0.5,4.6,0,0,-0.3
399,Isaiah Jackson,IND,19,2,1,1,5.7,1.5,0.5,1,50,0,0,0,0.5,1,50,0.5,1.5,2,0,0,0.5,0,1.5,5.4,0,0,-0.5
402,Cam Thomas,BKN,20,9,4,5,5,1.3,0.6,2.6,21.7,0,1,0,0.2,0.2,100,0.1,0.4,0.6,0.6,0.2,0.3,0.1,0.1,3.9,0,0,-1
402,Juancho Hernangomez,BOS,26,6,3,3,3.1,1.3,0.3,1.2,28.6,0.2,0.5,33.3,0.5,0.7,75,0.3,0.5,0.8,0,0.5,0.3,0,0.5,2.8,0,0,-2.8
402,Nathan Knight,MIN,24,3,1,2,2.1,1.3,0,0,0,0,0,0,1.3,1.3,100,0,0.7,0.7,0,0.3,0,0,0.3,1.8,0,0,0.3
402,Tony Snell,POR,30,9,4,5,8.9,1.3,0.4,1.2,36.4,0.4,1.2,36.4,0,0,0,0.1,0.8,0.9,0.6,0.1,0.1,0.2,1,4.1,0,0,-0.1
402,Udonis Haslem,MIA,41,3,2,1,3.2,1.3,0.7,1.7,40,0,0.3,0,0,0,0,0.3,0.3,0.7,0,0,0,0,1,2.1,0,0,-2
407,CJ Elleby,POR,21,7,4,3,5.5,1.3,0.6,1.9,30.8,0.1,0.9,16.7,0,0,0,0.1,1.3,1.4,0.3,0.4,0,0,0.6,3,0,0,-2.9
408,Jake Layman,MIN,27,4,2,2,4.2,1.3,0.5,1.8,28.6,0.3,0.5,50,0,0,0,0,0.5,0.5,0,0.3,0.3,0,0.3,2.4,0,0,-3
409,Willie Cauley-Stein,DAL,28,13,9,4,9.4,1.2,0.6,1.5,42.1,0,0.1,0,0,0,0,0.6,1.5,2.2,0.5,0.2,0.2,0.1,0.5,5.4,0,0,2.1
410,Anthony Gill,WAS,29,2,2,0,7.2,1,0.5,0.5,100,0,0,0,0,0,0,1,0,1,0,0,0,0,0,2.2,0,0,9.5
410,Jamorko Pickett,DET,23,3,0,3,2.9,1,0.3,0.3,100,0.3,0.3,100,0,0,0,0,0,0,0,0.3,0,0,0,0.7,0,0,2.7
410,Leandro Bolmaro,MIN,21,5,2,3,3.3,1,0.2,1,20,0,0.6,0,0.6,0.6,100,0.2,0.6,0.8,0,0.6,0,0,0,1.4,0,0,-2
410,Moses Brown,DAL,22,6,3,3,2.9,1,0.3,0.3,100,0,0,0,0.3,1,33.3,0.2,0.7,0.8,0,0,0,0.3,0.3,3,0,0,0.3
410,Trent Forrest,UTA,23,8,5,3,9,1,0.4,0.9,42.9,0,0.1,0,0.3,0.3,100,0,0.8,0.8,0.5,0.5,0.4,0,0.8,3.3,0,0,1.3
415,James Johnson,BKN,34,7,4,3,9.9,0.9,0.3,1.3,22.2,0,0.4,0,0.3,0.6,50,0.3,1,1.3,0.6,0.6,0.3,0.3,0.9,4.4,0,0,3
415,Josh Green,DAL,21,7,3,4,5.3,0.9,0.4,1.3,33.3,0,0.3,0,0,0,0,0.6,0.9,1.4,0.3,0.3,0,0.1,0.3,3.1,0,0,2.7
415,Solomon Hill,ATL,30,7,4,3,12.5,0.9,0.3,1.6,18.2,0.3,1.1,25,0,0,0,0.3,1.7,2,1.3,0.1,0.4,0.3,1.9,7.2,0,0,4
418,Kevin Pangos,CLE,28,4,3,1,2.9,0.8,0.3,0.8,33.3,0.3,0.5,50,0,0,0,0.3,0,0.3,0,0.3,0,0,0.5,0.8,0,0,-3.5
418,Mychal Mulder,ORL,27,4,0,4,3.2,0.8,0.3,1.8,14.3,0.3,0.8,33.3,0,0,0,0.5,0.3,0.8,0.3,0.3,0,0,0.5,1.8,0,0,1.3
420,Isaac Bonga,TOR,22,3,2,1,2.2,0.7,0.3,0.3,100,0,0,0,0,0,0,0.3,0.3,0.7,0.7,0,0.3,0,0.3,3.5,0,0,0.3
420,Udoka Azubuike,UTA,22,3,2,1,1.7,0.7,0.3,0.3,100,0,0,0,0,0,0,0,0.3,0.3,0,0,0,0,0,1.1,0,0,1
420,Vit Krejci,OKC,21,3,1,2,3,0.7,0,0.7,0,0,0.7,0,0.7,0.7,100,0,1,1,0,0.3,0,0,0,1.5,0,0,-0.3
423,Jericho Sims,NYK,23,5,3,2,5.1,0.6,0.2,0.2,100,0,0,0,0.2,0.4,50,0,1.2,1.2,0,0.2,0.2,0,0.4,2.4,0,0,0.2
424,Elijah Hughes,UTA,23,4,3,1,2.7,0.5,0,0.5,0,0,0.3,0,0.5,0.5,100,0,0.3,0.3,0,0,0,0,0.3,0.8,0,0,-2
424,Sharife Cooper,ATL,20,4,4,0,2.4,0.5,0.3,1,25,0,0.5,0,0,0,0,0,0,0,1,0.3,0,0,0,1.8,0,0,-0.5
426,Justin Champagnie,TOR,20,5,4,1,3.3,0.4,0,0.6,0,0,0,0,0.4,0.4,100,0.6,0.8,1.4,0.2,0,0,0,0.6,2.4,0,0,3.2
426,Matt Thomas,CHI,27,5,4,1,2.6,0.4,0.2,1.4,14.3,0,0.4,0,0,0,0,0,0.2,0.2,0,0,0,0.2,0,1.2,0,0,-3
426,Tacko Fall,CLE,25,5,2,3,3,0.4,0.2,0.4,50,0,0,0,0,0,0,0.2,0.8,1,0,0.2,0,0,0,1.4,0,0,1.4
429,Kevin Knox II,NYK,22,3,2,1,2.3,0.3,0,0,0,0,0,0,0.3,0.7,50,0.7,0,0.7,0.3,0.7,0,0,0.3,1,0,0,-4.3
429,Miye Oni,UTA,24,6,5,1,2.5,0.3,0.2,0.2,100,0,0,0,0,0.2,0,0,0.5,0.5,0.3,0,0,0,0.3,1.4,0,0,-1.8
431,Aaron Henry,PHI,22,1,1,0,2.1,0,0,1,0,0,1,0,0,0,0,0,0,0,0,0,0,0,0,0,0,0,-6
431,Bruno Fernando,BOS,23,3,2,1,2,0,0,0,0,0,0,0,0,0,0,0,0,0,0.3,0.7,0,0.3,0.7,0.8,0,0,-3
431,Coby White,CHI,21,1,1,0,11,0,0,2,0,0,0,0,0,0,0,0,1,1,0,0,0,0,0,1.2,0,0,-15
431,David Johnson,TOR,20,1,1,0,0.5,0,0,0,0,0,0,0,0,0,0,0,0,0,0,0,0,0,0,0,0,0,-3
431,DeJon Jarreau,IND,23,1,0,1,0.9,0,0,0,0,0,0,0,0,0,0,0,0,0,0,0,0,0,0,0,0,0,2
431,Didi Louzada,NOP,22,2,0,2,3.5,0,0,1.5,0,0,1.5,0,0,0,0,1,0,1,0.5,0,0,0,0,2,0,0,-2
431,Ed Davis,CLE,32,3,2,1,2.2,0,0,0,0,0,0,0,0,0,0,0,0.3,0.3,0,0.7,0,0,0.3,-0.3,0,0,-1.7
431,JT Thor,CHA,19,2,2,0,1,0,0,0,0,0,0,0,0,0,0,0,0,0,0,0,0,0,0,0,0,0,-2.5
431,JaQuori McLaughlin,DAL,23,1,0,1,1.7,0,0,0,0,0,0,0,0,0,0,0,0,0,1,0,0,0,0,1.5,0,0,1
431,Jaden Springer,PHI,19,1,1,0,2.1,0,0,0,0,0,0,0,0,0,0,0,0,0,0,0,0,0,0,0,0,0,-6
431,James Bouknight,CHA,21,5,2,3,1.6,0,0,1,0,0,0.2,0,0,0,0,0.2,0.2,0.4,0,0,0,0,0.2,0.5,0,0,-3
431,Jay Huff,LAL,24,1,0,1,8.1,0,0,1,0,0,1,0,0,0,0,1,1,2,1,0,0,0,0,3.9,0,0,17
431,Jeff Dowtin,GSW,24,2,2,0,2.9,0,0,0.5,0,0,0,0,0,0,0,0,1,1,0,0,0,0,0.5,1.2,0,0,-0.5
431,Joel Ayayi,WAS,21,1,0,1,3.5,0,0,0,0,0,0,0,0,0,0,0,0,0,0,0,0,0,0,0,0,0,1
431,Kai Jones,CHA,20,4,2,2,1.1,0,0,0,0,0,0,0,0,0,0,0,0,0,0,0.8,0,0,0,-0.8,0,0,-1.5
431,Keon Johnson,LAC,19,1,1,0,0.7,0,0,0,0,0,0,0,0,0,0,0,0,0,0,0,0,0,0,0,0,0,0
431,Killian Tillie,MEM,23,3,0,3,7.1,0,0,2.3,0,0,1.3,0,0,0,0,1,0.7,1.7,0,0.3,1,0.7,0.3,6.7,0,0,1
431,Malik Fitts,UTA,24,3,3,0,2.3,0,0,0,0,0,0,0,0,0,0,0,0.7,0.7,0,0,0,0,0,0.8,0,0,-2
431,Marcus Garrett,MIA,23,2,2,0,3.5,0,0,0.5,0,0,0,0,0,0,0,0,0,0,1,0,0,0,0.5,1.5,0,0,2
431,Markus Howard,DEN,22,5,4,1,4.1,0,0,0.8,0,0,0.8,0,0,0,0,0,0,0,0.2,0.4,0.2,0,0.2,0.5,0,0,1.6
431,Miles McBride,NYK,21,5,3,2,0.9,0,0,0.8,0,0,0.6,0,0,0,0,0,0,0,0,0,0,0.2,0,0.6,0,0,-2.4
431,Petr Cornelie,DEN,26,1,0,1,2.7,0,0,0,0,0,0,0,0,0,0,0,0,0,0,0,0,0,0,0,0,0,5
431,Sam Dekker,TOR,27,1,1,0,0.9,0,0,0,0,0,0,0,0,0,0,0,0,0,0,0,0,0,0,0,0,0,-5
431,Serge Ibaka,LAC,32,2,2,0,6.9,0,0,2.5,0,0,1,0,0,0,0,0,2,2,0.5,0.5,0,0.5,2.5,4.2,0,0,3.5
431,Vernon Carey Jr.,CHA,20,1,1,0,0.8,0,0,1,0,0,0,0,0,0,0,0,1,1,0,0,0,0,0,1.2,0,0,0
431,Wayne Selden,NYK,27,1,1,0,1,0,0,0,0,0,0,0,0,0,0,0,0,0,0,0,0,0,0,0,0,0,-2
431,Yves Pons,MEM,22,1,0,1,2.8,0,0,1,0,0,0,0,0,0,0,1,0,1,0,0,0,0,0,1.2,0,0,-3
,,,,,,,,,,,,,,,,,,,,,,,,,,,,,
,,,,,,,,,,,,,,,,,,,,,,,,,,,,,
,,,,,,,,,,,,,,,,,,,,,,,,,,,,,
,,,,,,,,,,,,,,,,,,,,,,,,,,,,,
,,,,,,,,,,,,,,,,,,,,,,,,,,,,,
,,,,,,,,,,,,,,,,,,,,,,,,,,,,,
,,,,,,,,,,,,,,,,,,,,,,,,,,,,,
,,,,,,,,,,,,,,,,,,,,,,,,,,,,,
,,,,,,,,,,,,,,,,,,,,,,,,,,,,,
,,,,,,,,,,,,,,,,,,,,,,,,,,,,,
,,,,,,,,,,,,,,,,,,,,,,,,,,,,,
,,,,,,,,,,,,,,,,,,,,,,,,,,,,,
,,,,,,,,,,,,,,,,,,,,,,,,,,,,,
,,,,,,,,,,,,,,,,,,,,,,,,,,,,,
,,,,,,,,,,,,,,,,,,,,,,,,,,,,,
,,,,,,,,,,,,,,,,,,,,,,,,,,,,,
,,,,,,,,,,,,,,,,,,,,,,,,,,,,,
,,,,,,,,,,,,,,,,,,,,,,,,,,,,,
,,,,,,,,,,,,,,,,,,,,,,,,,,,,,
,,,,,,,,,,,,,,,,,,,,,,,,,,,,,
,,,,,,,,,,,,,,,,,,,,,,,,,,,,,
,,,,,,,,,,,,,,,,,,,,,,,,,,,,,
,,,,,,,,,,,,,,,,,,,,,,,,,,,,,
,,,,,,,,,,,,,,,,,,,,,,,,,,,,,
,,,,,,,,,,,,,,,,,,,,,,,,,,,,,
,,,,,,,,,,,,,,,,,,,,,,,,,,,,,
,,,,,,,,,,,,,,,,,,,,,,,,,,,,,
,,,,,,,,,,,,,,,,,,,,,,,,,,,,,
,,,,,,,,,,,,,,,,,,,,,,,,,,,,,
,,,,,,,,,,,,,,,,,,,,,,,,,,,,,
,,,,,,,,,,,,,,,,,,,,,,,,,,,,,
,,,,,,,,,,,,,,,,,,,,,,,,,,,,,
,,,,,,,,,,,,,,,,,,,,,,,,,,,,,
,,,,,,,,,,,,,,,,,,,,,,,,,,,,,